Period,Industry,Effect,Other mean (%),Effect mean (%),Difference (%),t-stat,p-value
Full,Oil,Jan,0.0518,0.0424,-0.0095,-0.2402,0.8102
Full,Banks,Jan,0.0458,0.0681,0.0222,0.5455,0.5854
Full,Txtls,Jan,0.0369,0.0976,0.0608,1.6013,0.1093
Full,Toys,Jan,0.0295,0.111,0.0815,1.7969,0.0723
Full,Rtail,Jan,0.0499,0.0793,0.0294,0.9108,0.3624
Full,Oil,Feb,0.0513,0.0483,-0.003,-0.0781,0.9377
Full,Banks,Feb,0.0501,0.0183,-0.0318,-0.8262,0.4087
Full,Txtls,Feb,0.0384,0.0847,0.0464,1.126,0.2602
Full,Toys,Feb,0.0311,0.0989,0.0678,1.459,0.1446
Full,Rtail,Feb,0.0513,0.0639,0.0126,0.3806,0.7035
Full,Oil,Mar,0.0482,0.0808,0.0326,0.7041,0.4814
Full,Banks,Mar,0.0476,0.0478,0.0002,0.0033,0.9973
Full,Txtls,Mar,0.0441,0.0184,-0.0257,-0.5158,0.606
Full,Toys,Mar,0.0349,0.05,0.0151,0.3201,0.7489
Full,Rtail,Mar,0.0465,0.113,0.0665,1.9513,0.051
Full,Oil,Apr,0.0444,0.1258,0.0814,2.0123,0.0442
Full,Banks,Apr,0.0435,0.0945,0.051,1.2032,0.2289
Full,Txtls,Apr,0.0316,0.1571,0.1256,2.647,0.0081
Full,Toys,Apr,0.031,0.0954,0.0644,1.3796,0.1677
Full,Rtail,Apr,0.0498,0.0806,0.0308,0.9146,0.3604
Full,Oil,May,0.0526,0.0342,-0.0184,-0.5,0.6171
Full,Banks,May,0.0497,0.0257,-0.0239,-0.6535,0.5134
Full,Txtls,May,0.0441,0.0179,-0.0261,-0.6524,0.5142
Full,Toys,May,0.0366,0.0322,-0.0044,-0.1018,0.9189
Full,Rtail,May,0.0533,0.0414,-0.0119,-0.3982,0.6905
Full,Oil,Jun,0.0551,0.0072,-0.0479,-1.271,0.2037
Full,Banks,Jun,0.0509,0.0123,-0.0386,-1.1305,0.2583
Full,Txtls,Jun,0.0485,-0.0296,-0.0781,-1.9894,0.0467
Full,Toys,Jun,0.04,-0.0044,-0.0444,-1.0902,0.2756
Full,Rtail,Jun,0.054,0.0337,-0.0203,-0.7142,0.4751
Full,Oil,Jul,0.0524,0.0367,-0.0157,-0.4367,0.6624
Full,Banks,Jul,0.0449,0.077,0.032,0.8719,0.3833
Full,Txtls,Jul,0.0414,0.0473,0.0059,0.1297,0.8968
Full,Toys,Jul,0.0378,0.0196,-0.0182,-0.4202,0.6743
Full,Rtail,Jul,0.0529,0.0456,-0.0074,-0.2412,0.8094
Full,Oil,Aug,0.052,0.0417,-0.0102,-0.2837,0.7766
Full,Banks,Aug,0.05,0.0231,-0.0269,-0.7436,0.4571
Full,Txtls,Aug,0.0435,0.0253,-0.0182,-0.4719,0.637
Full,Toys,Aug,0.0359,0.04,0.0041,0.0975,0.9223
Full,Rtail,Aug,0.0547,0.0268,-0.0279,-0.8335,0.4046
Full,Oil,Sep,0.0536,0.0218,-0.0318,-0.7917,0.4286
Full,Banks,Sep,0.0535,-0.0189,-0.0724,-1.666,0.0957
Full,Txtls,Sep,0.0521,-0.0742,-0.1263,-3.0827,0.0021
Full,Toys,Sep,0.0445,-0.058,-0.1025,-2.3378,0.0194
Full,Rtail,Sep,0.0586,-0.0194,-0.078,-2.3269,0.02
Full,Oil,Oct,0.0514,0.048,-0.0034,-0.0676,0.9461
Full,Banks,Oct,0.0469,0.0561,0.0092,0.2051,0.8375
Full,Txtls,Oct,0.0493,-0.0351,-0.0844,-1.7298,0.0837
Full,Toys,Oct,0.0384,0.0137,-0.0247,-0.4655,0.6416
Full,Rtail,Oct,0.0543,0.0314,-0.0228,-0.5461,0.585
Full,Oil,Nov,0.0493,0.0715,0.0222,0.4837,0.6286
Full,Banks,Nov,0.0448,0.0802,0.0353,0.8186,0.413
Full,Txtls,Nov,0.0379,0.0876,0.0497,1.1373,0.2554
Full,Toys,Nov,0.0315,0.0909,0.0594,1.2386,0.2155
Full,Rtail,Nov,0.0462,0.1216,0.0754,2.1724,0.0298
Full,Oil,Dec,0.0507,0.0554,0.0047,0.1322,0.8949
Full,Banks,Dec,0.0442,0.0859,0.0418,1.1139,0.2653
Full,Txtls,Dec,0.0351,0.1159,0.0807,2.1492,0.0316
Full,Toys,Dec,0.0438,-0.0466,-0.0904,-2.1247,0.0336
Full,Rtail,Dec,0.056,0.012,-0.0439,-1.4643,0.1431
1963-1977,Oil,Jan,0.0358,0.0272,-0.0087,-0.1625,0.8709
1963-1977,Banks,Jan,0.0104,0.103,0.0926,1.8407,0.0657
1963-1977,Txtls,Jan,0.0088,0.2539,0.2451,4.1711,0.0
1963-1977,Toys,Jan,-0.0031,0.2501,0.2532,2.9192,0.0035
1963-1977,Rtail,Jan,0.0167,0.1376,0.1209,2.159,0.0308
1963-1977,Oil,Feb,0.0421,-0.0526,-0.0946,-1.8429,0.0653
1963-1977,Banks,Feb,0.0198,-0.0047,-0.0245,-0.486,0.627
1963-1977,Txtls,Feb,0.0289,0.0288,-0.0,-0.0006,0.9995
1963-1977,Toys,Feb,0.0131,0.074,0.0609,0.6721,0.5015
1963-1977,Rtail,Feb,0.0234,0.0672,0.0438,0.8997,0.3683
1963-1977,Oil,Mar,0.0362,0.0231,-0.0131,-0.2896,0.7722
1963-1977,Banks,Mar,0.0136,0.0661,0.0525,1.1822,0.2371
1963-1977,Txtls,Mar,0.0293,0.0244,-0.0048,-0.1004,0.92
1963-1977,Toys,Mar,0.008,0.122,0.114,1.2393,0.2152
1963-1977,Rtail,Mar,0.0236,0.0589,0.0352,0.7638,0.445
1963-1977,Oil,Apr,0.0342,0.0458,0.0116,0.2661,0.7902
1963-1977,Banks,Apr,0.0226,-0.0343,-0.0569,-1.1828,0.2369
1963-1977,Txtls,Apr,0.026,0.0617,0.0357,0.7645,0.4445
1963-1977,Toys,Apr,0.0147,0.0508,0.0361,0.4311,0.6664
1963-1977,Rtail,Apr,0.0253,0.0421,0.0168,0.3482,0.7277
1963-1977,Oil,May,0.0354,0.0321,-0.0033,-0.0586,0.9533
1963-1977,Banks,May,0.0304,-0.1219,-0.1523,-2.797,0.0052
1963-1977,Txtls,May,0.0422,-0.122,-0.1642,-2.9775,0.0029
1963-1977,Toys,May,0.0299,-0.1223,-0.1522,-1.4862,0.1372
1963-1977,Rtail,May,0.0333,-0.0497,-0.0831,-1.48,0.1389
1963-1977,Oil,Jun,0.0359,0.0262,-0.0097,-0.1988,0.8424
1963-1977,Banks,Jun,0.0182,0.0154,-0.0028,-0.057,0.9546
1963-1977,Txtls,Jun,0.0396,-0.0915,-0.1311,-2.4764,0.0133
1963-1977,Toys,Jun,0.0319,-0.1428,-0.1747,-2.0455,0.0408
1963-1977,Rtail,Jun,0.031,-0.0229,-0.0539,-1.1229,0.2615
1963-1977,Oil,Jul,0.0344,0.0428,0.0084,0.1648,0.8691
1963-1977,Banks,Jul,0.0167,0.0318,0.0151,0.2626,0.7928
1963-1977,Txtls,Jul,0.0293,0.0246,-0.0046,-0.0916,0.927
1963-1977,Toys,Jul,0.0222,-0.0322,-0.0544,-0.6379,0.5236
1963-1977,Rtail,Jul,0.0349,-0.0625,-0.0975,-1.9146,0.0555
1963-1977,Oil,Aug,0.0385,0.0014,-0.0371,-0.7513,0.4524
1963-1977,Banks,Aug,0.0162,0.0366,0.0204,0.3994,0.6896
1963-1977,Txtls,Aug,0.0305,0.0124,-0.0181,-0.3512,0.7254
1963-1977,Toys,Aug,0.012,0.0739,0.0619,0.725,0.4684
1963-1977,Rtail,Aug,0.0246,0.0472,0.0226,0.4283,0.6685
1963-1977,Oil,Sep,0.0345,0.042,0.0075,0.1535,0.878
1963-1977,Banks,Sep,0.0224,-0.0294,-0.0518,-0.9191,0.3581
1963-1977,Txtls,Sep,0.0269,0.0501,0.0232,0.5062,0.6127
1963-1977,Toys,Sep,0.0188,0.0042,-0.0146,-0.1701,0.865
1963-1977,Rtail,Sep,0.0267,0.0257,-0.001,-0.0191,0.9847
1963-1977,Oil,Oct,0.0288,0.099,0.0702,1.3749,0.1692
1963-1977,Banks,Oct,0.0098,0.1015,0.0917,1.749,0.0803
1963-1977,Txtls,Oct,0.026,0.0577,0.0316,0.6953,0.4869
1963-1977,Toys,Oct,0.0204,-0.0114,-0.0318,-0.342,0.7324
1963-1977,Rtail,Oct,0.0243,0.0503,0.0261,0.4975,0.6188
1963-1977,Oil,Nov,0.0364,0.0207,-0.0157,-0.2858,0.775
1963-1977,Banks,Nov,0.023,-0.0388,-0.0618,-1.1306,0.2582
1963-1977,Txtls,Nov,0.0335,-0.0238,-0.0573,-1.001,0.3168
1963-1977,Toys,Nov,0.0189,0.0029,-0.016,-0.1745,0.8615
1963-1977,Rtail,Nov,0.0262,0.0311,0.0049,0.0881,0.9298
1963-1977,Oil,Dec,0.0292,0.098,0.0688,1.5118,0.1306
1963-1977,Banks,Dec,0.0129,0.0721,0.0593,1.1339,0.2568
1963-1977,Txtls,Dec,0.0253,0.0661,0.0408,0.8242,0.4098
1963-1977,Toys,Dec,0.0241,-0.0511,-0.0752,-0.9022,0.3669
1963-1977,Rtail,Dec,0.0292,-0.0009,-0.0301,-0.6438,0.5197
1978-2002,Oil,Jan,0.0594,0.0288,-0.0306,-0.5041,0.6142
1978-2002,Banks,Jan,0.0611,0.1148,0.0537,1.0103,0.3123
1978-2002,Txtls,Jan,0.0446,0.1068,0.0622,1.3553,0.1753
1978-2002,Toys,Jan,0.045,0.1261,0.0811,1.211,0.2259
1978-2002,Rtail,Jan,0.0621,0.0761,0.0139,0.2544,0.7992
1978-2002,Oil,Feb,0.0569,0.0568,-0.0,-0.0005,0.9996
1978-2002,Banks,Feb,0.0661,0.059,-0.0071,-0.1428,0.8864
1978-2002,Txtls,Feb,0.0427,0.1361,0.0934,2.0322,0.0421
1978-2002,Toys,Feb,0.0452,0.1311,0.0859,1.2912,0.1966
1978-2002,Rtail,Feb,0.0594,0.1104,0.0509,0.9273,0.3538
1978-2002,Oil,Mar,0.0504,0.1254,0.075,1.2808,0.2003
1978-2002,Banks,Mar,0.0633,0.0898,0.0265,0.5071,0.6121
1978-2002,Txtls,Mar,0.0479,0.0699,0.022,0.4981,0.6184
1978-2002,Toys,Mar,0.0473,0.0981,0.0507,0.8867,0.3753
1978-2002,Rtail,Mar,0.0539,0.1625,0.1086,2.1452,0.0319
1978-2002,Oil,Apr,0.0476,0.1605,0.1129,1.9665,0.0492
1978-2002,Banks,Apr,0.0606,0.1214,0.0608,1.13,0.2585
1978-2002,Txtls,Apr,0.0408,0.1515,0.1107,2.3116,0.0208
1978-2002,Toys,Apr,0.0448,0.1294,0.0846,1.3003,0.1935
1978-2002,Rtail,Apr,0.0637,0.0583,-0.0055,-0.0983,0.9217
1978-2002,Oil,May,0.0556,0.0703,0.0146,0.3005,0.7638
1978-2002,Banks,May,0.0618,0.1062,0.0444,0.9829,0.3256
1978-2002,Txtls,May,0.0472,0.0786,0.0315,0.7661,0.4436
1978-2002,Toys,May,0.044,0.1358,0.0917,1.6633,0.0963
1978-2002,Rtail,May,0.0582,0.1191,0.0609,1.3162,0.1881
1978-2002,Oil,Jun,0.0645,-0.0257,-0.0902,-1.8666,0.062
1978-2002,Banks,Jun,0.0669,0.0513,-0.0156,-0.3322,0.7397
1978-2002,Txtls,Jun,0.0567,-0.0244,-0.0811,-1.9763,0.0481
1978-2002,Toys,Jun,0.0552,0.0147,-0.0405,-0.6903,0.49
1978-2002,Rtail,Jun,0.0615,0.0823,0.0208,0.4611,0.6447
1978-2002,Oil,Jul,0.0605,0.0165,-0.044,-0.7963,0.4259
1978-2002,Banks,Jul,0.0681,0.0374,-0.0307,-0.6356,0.5251
1978-2002,Txtls,Jul,0.0536,0.0086,-0.045,-0.8504,0.3951
1978-2002,Toys,Jul,0.06,-0.0385,-0.0985,-1.5185,0.1289
1978-2002,Rtail,Jul,0.0673,0.0198,-0.0475,-0.9113,0.3621
1978-2002,Oil,Aug,0.0503,0.125,0.0747,1.425,0.1542
1978-2002,Banks,Aug,0.0693,0.0263,-0.043,-0.8378,0.4021
1978-2002,Txtls,Aug,0.0553,-0.0075,-0.0629,-1.3001,0.1936
1978-2002,Toys,Aug,0.0515,0.054,0.0025,0.0391,0.9688
1978-2002,Rtail,Aug,0.0695,-0.0013,-0.0708,-1.2407,0.2147
1978-2002,Oil,Sep,0.0607,0.0125,-0.0482,-0.8093,0.4183
1978-2002,Banks,Sep,0.0733,-0.0235,-0.0967,-1.6756,0.0938
1978-2002,Txtls,Sep,0.0652,-0.128,-0.1933,-3.0035,0.0027
1978-2002,Toys,Sep,0.0637,-0.0857,-0.1493,-2.0834,0.0372
1978-2002,Rtail,Sep,0.0735,-0.055,-0.1285,-2.2107,0.0271
1978-2002,Oil,Oct,0.0611,0.0131,-0.0479,-0.638,0.5235
1978-2002,Banks,Oct,0.0715,0.0038,-0.0677,-0.9063,0.3648
1978-2002,Txtls,Oct,0.062,-0.0768,-0.1388,-1.8748,0.0608
1978-2002,Toys,Oct,0.0567,0.0001,-0.0566,-0.6057,0.5447
1978-2002,Rtail,Oct,0.0694,0.0,-0.0694,-0.8746,0.3818
1978-2002,Oil,Nov,0.0579,0.0449,-0.013,-0.2194,0.8264
1978-2002,Banks,Nov,0.0632,0.0925,0.0293,0.5626,0.5737
1978-2002,Txtls,Nov,0.0432,0.1247,0.0815,1.6495,0.099
1978-2002,Toys,Nov,0.0465,0.1116,0.0652,0.9986,0.318
1978-2002,Rtail,Nov,0.0549,0.1592,0.1043,1.9275,0.0539
1978-2002,Oil,Dec,0.0573,0.0518,-0.0055,-0.106,0.9156
1978-2002,Banks,Dec,0.0615,0.1097,0.0482,0.9389,0.3478
1978-2002,Txtls,Dec,0.0386,0.173,0.1344,2.7618,0.0057
1978-2002,Toys,Dec,0.061,-0.0498,-0.1107,-1.6398,0.101
1978-2002,Rtail,Dec,0.0661,0.0327,-0.0334,-0.6494,0.5161
2003-present,Oil,Jan,0.0536,0.0664,0.0128,0.1675,0.867
2003-present,Banks,Jan,0.0513,-0.0041,-0.0554,-0.6282,0.5299
2003-present,Txtls,Jan,0.0458,-0.008,-0.0538,-0.6597,0.5094
2003-present,Toys,Jan,0.0331,0.0095,-0.0236,-0.2865,0.7745
2003-present,Rtail,Jan,0.0571,0.047,-0.0102,-0.1898,0.8495
2003-present,Oil,Feb,0.051,0.0976,0.0466,0.6038,0.546
2003-present,Banks,Feb,0.0516,-0.0109,-0.0625,-0.7666,0.4433
2003-present,Txtls,Feb,0.0395,0.0634,0.0239,0.2604,0.7945
2003-present,Toys,Feb,0.0271,0.0796,0.0525,0.6157,0.5381
2003-present,Rtail,Feb,0.0599,0.0136,-0.0462,-0.7852,0.4324
2003-present,Oil,Mar,0.0533,0.068,0.0146,0.1437,0.8858
2003-present,Banks,Mar,0.0519,-0.0065,-0.0585,-0.5063,0.6126
2003-present,Txtls,Mar,0.0492,-0.0387,-0.0879,-0.7389,0.46
2003-present,Toys,Mar,0.0383,-0.0418,-0.0801,-0.8483,0.3962
2003-present,Rtail,Mar,0.0527,0.0928,0.0401,0.5988,0.5493
2003-present,Oil,Apr,0.0471,0.1366,0.0895,1.0641,0.2873
2003-present,Banks,Apr,0.0381,0.1421,0.104,1.1312,0.258
2003-present,Txtls,Apr,0.0252,0.2189,0.1937,1.7492,0.0803
2003-present,Toys,Apr,0.0261,0.0863,0.0601,0.6701,0.5028
2003-present,Rtail,Apr,0.0499,0.1262,0.0763,1.2624,0.2068
2003-present,Oil,May,0.06,-0.0024,-0.0624,-0.8247,0.4096
2003-present,Banks,May,0.0486,0.0275,-0.0211,-0.2717,0.7859
2003-present,Txtls,May,0.0419,0.0359,-0.006,-0.0661,0.9473
2003-present,Toys,May,0.0328,0.0138,-0.019,-0.2453,0.8063
2003-present,Rtail,May,0.0603,0.0131,-0.0472,-0.9032,0.3664
2003-present,Oil,Jun,0.0569,0.0307,-0.0261,-0.3248,0.7453
2003-present,Banks,Jun,0.054,-0.0305,-0.0845,-1.2136,0.2249
2003-present,Txtls,Jun,0.0452,0.0012,-0.0439,-0.4944,0.621
2003-present,Toys,Jun,0.0288,0.0565,0.0277,0.3828,0.7019
2003-present,Rtail,Jun,0.0601,0.0156,-0.0445,-0.8744,0.3819
2003-present,Oil,Jul,0.0547,0.0539,-0.0009,-0.0123,0.9902
2003-present,Banks,Jul,0.0375,0.1457,0.1082,1.4321,0.1521
2003-present,Txtls,Jul,0.0358,0.1014,0.0656,0.6372,0.524
2003-present,Toys,Jul,0.0236,0.1119,0.0882,1.1523,0.2492
2003-present,Rtail,Jul,0.0486,0.1386,0.09,1.7679,0.0771
2003-present,Oil,Aug,0.0619,-0.0229,-0.0849,-1.1571,0.2472
2003-present,Banks,Aug,0.0501,0.011,-0.0391,-0.526,0.5989
2003-present,Txtls,Aug,0.0388,0.0694,0.0306,0.3619,0.7174
2003-present,Toys,Aug,0.0338,0.0029,-0.0309,-0.4251,0.6708
2003-present,Rtail,Aug,0.0574,0.0444,-0.013,-0.2255,0.8216
2003-present,Oil,Sep,0.0577,0.0188,-0.0389,-0.4707,0.6378
2003-present,Banks,Sep,0.0514,-0.0071,-0.0585,-0.625,0.5319
2003-present,Txtls,Sep,0.0533,-0.0972,-0.1505,-1.8359,0.0664
2003-present,Toys,Sep,0.0398,-0.0686,-0.1084,-1.5009,0.1334
2003-present,Rtail,Sep,0.0621,-0.0106,-0.0726,-1.2607,0.2074
2003-present,Oil,Oct,0.0548,0.0533,-0.0015,-0.0142,0.9887
2003-present,Banks,Oct,0.0433,0.0841,0.0408,0.478,0.6326
2003-present,Txtls,Oct,0.0498,-0.0491,-0.099,-0.9725,0.3308
2003-present,Toys,Oct,0.0299,0.0447,0.0148,0.1754,0.8608
2003-present,Rtail,Oct,0.0565,0.0537,-0.0028,-0.0425,0.9661
2003-present,Oil,Nov,0.048,0.1323,0.0844,0.8373,0.4024
2003-present,Banks,Nov,0.0386,0.1416,0.1029,1.0666,0.2861
2003-present,Txtls,Nov,0.0349,0.1172,0.0823,0.8292,0.407
2003-present,Toys,Nov,0.0232,0.1236,0.1004,1.082,0.2792
2003-present,Rtail,Nov,0.0493,0.1377,0.0884,1.3659,0.172
2003-present,Oil,Dec,0.0567,0.0317,-0.025,-0.3356,0.7372
2003-present,Banks,Dec,0.0448,0.0692,0.0244,0.3087,0.7576
2003-present,Txtls,Dec,0.0374,0.0862,0.0488,0.5965,0.5508
2003-present,Toys,Dec,0.0375,-0.0402,-0.0777,-1.0758,0.282
2003-present,Rtail,Dec,0.0615,-0.0019,-0.0634,-1.2265,0.22
