Date,Oil,Banks,Txtls,Toys,Rtail,Mkt-RF,SMB,HML,RMW,CMA,RF,Mom
1963-07-01,2.34,-1.58,3.52,-4.89,-1.08,-0.39,-0.48,-0.81,0.64,-1.15,0.27,1.01
1963-08-01,3.85,4.15,4.3,4.81,6.65,5.08,-0.8,1.7,0.4,-0.38,0.25,1.0
1963-09-01,-3.62,-3.13,-1.13,-5.3,1.11,-1.57,-0.43,0.0,-0.78,0.15,0.27,0.12
1963-10-01,-0.52,-1.29,5.74,15.38,0.45,2.54,-1.34,-0.04,2.79,-2.25,0.29,3.13
1963-11-01,-1.18,-3.31,2.02,-1.17,-1.08,-0.86,-0.85,1.73,-0.43,2.27,0.27,-0.77
1963-12-01,4.65,2.84,3.33,-2.34,0.34,1.83,-1.89,-0.21,0.12,-0.25,0.29,1.84
1964-01-01,4.86,-3.55,2.27,-0.89,2.79,2.27,0.1,1.63,0.21,1.48,0.3,0.81
1964-02-01,1.09,4.22,3.73,2.35,1.58,1.55,0.33,2.81,0.11,0.81,0.26,0.33
1964-03-01,1.45,0.75,0.46,3.71,2.28,1.41,1.41,3.29,-2.03,2.98,0.31,0.73
1964-04-01,4.24,-2.11,-0.51,-5.75,3.07,0.11,-1.48,-0.54,-1.32,-1.13,0.29,-0.64
1964-05-01,2.17,-0.73,5.73,-6.0,4.19,1.41,-0.62,1.81,-0.15,0.13,0.26,2.53
1964-06-01,0.72,-2.05,-0.37,-1.14,3.92,1.27,0.13,0.68,-0.33,0.1,0.3,0.47
1964-07-01,3.37,0.63,5.82,-0.17,1.09,1.74,0.5,0.79,0.15,1.85,0.3,-0.37
1964-08-01,-1.89,-2.21,-1.93,-6.14,0.59,-1.44,0.29,0.07,0.15,0.31,0.28,-0.24
1964-09-01,3.03,2.17,4.38,7.13,3.49,2.69,-0.34,1.72,-0.5,0.56,0.28,-0.39
1964-10-01,3.12,-2.17,7.34,2.27,2.3,0.6,0.9,1.08,-0.2,0.52,0.29,0.19
1964-11-01,2.59,-1.34,0.35,-2.65,3.32,-0.01,-0.24,-2.04,0.71,-0.16,0.29,1.1
1964-12-01,-0.24,-1.02,0.61,-1.05,0.12,0.04,-0.65,-2.43,0.95,-1.55,0.31,-0.7
1965-01-01,0.28,1.94,8.48,9.2,2.74,3.54,2.5,0.36,0.94,-0.02,0.28,-1.39
1965-02-01,-3.45,2.48,2.06,7.02,1.35,0.44,3.24,0.22,0.26,-0.62,0.3,0.24
1965-03-01,-3.1,0.05,1.03,4.43,-0.95,-1.34,2.08,1.15,-0.29,0.65,0.36,0.17
1965-04-01,0.91,3.53,8.98,4.55,7.02,3.11,1.14,0.73,0.29,-2.27,0.31,2.53
1965-05-01,0.93,-1.38,-1.21,3.89,0.34,-0.78,0.05,-1.55,-0.42,0.59,0.31,0.56
1965-06-01,-1.96,-6.04,-7.93,-9.04,-6.13,-5.51,-4.2,0.23,0.24,0.43,0.35,-3.18
1965-07-01,1.86,2.28,2.97,7.47,-1.84,1.44,1.1,2.19,-1.41,-0.08,0.31,4.09
1965-08-01,1.51,6.24,6.07,8.95,2.1,2.73,2.77,-0.98,2.03,-0.81,0.33,2.57
1965-09-01,4.45,-1.15,5.04,13.84,-1.17,2.86,0.7,-0.14,-0.85,0.73,0.31,3.28
1965-10-01,1.58,-1.45,5.25,13.8,0.06,2.6,3.45,1.55,1.19,-0.76,0.31,3.44
1965-11-01,0.73,-0.93,7.64,13.46,1.11,-0.02,5.22,0.16,-1.08,-0.87,0.35,4.41
1965-12-01,0.17,-1.39,1.71,1.86,1.17,1.01,2.62,2.15,-1.3,-0.55,0.33,-0.1
1966-01-01,1.02,-0.97,8.43,14.08,-5.16,0.72,4.85,3.27,-2.65,-0.26,0.38,5.25
1966-02-01,-3.56,-3.89,0.49,8.64,-2.15,-1.21,4.79,0.38,-0.16,-1.45,0.35,4.59
1966-03-01,-2.29,-4.45,-4.54,5.0,-2.29,-2.51,0.21,-2.13,1.29,-0.05,0.38,1.46
1966-04-01,3.2,-1.74,0.68,5.98,2.48,2.13,3.33,-0.36,0.42,-0.92,0.34,5.93
1966-05-01,-3.79,-1.28,-8.59,-14.29,-2.49,-5.67,-5.11,-1.6,1.64,-1.48,0.41,-4.73
1966-06-01,-2.14,-1.65,-1.99,-6.22,-2.65,-1.44,1.32,0.49,0.08,0.79,0.38,3.24
1966-07-01,0.35,-2.36,-5.23,-4.29,-1.83,-1.63,-0.38,0.91,-0.38,1.74,0.35,-1.3
1966-08-01,-6.61,-9.42,-9.76,0.04,-6.0,-7.94,-3.15,0.5,-0.64,0.77,0.41,-2.21
1966-09-01,3.96,-0.22,-6.92,-15.61,-1.71,-1.06,-1.02,0.48,-1.19,2.35,0.4,-1.87
1966-10-01,8.58,11.44,-6.09,-12.73,-1.47,3.86,-6.48,2.74,-3.91,4.23,0.45,-5.2
1966-11-01,-1.26,3.84,-2.52,2.11,0.3,1.38,3.34,-4.63,4.66,-6.51,0.4,5.76
1966-12-01,-0.75,5.4,2.51,-6.72,-4.79,0.13,1.88,-0.95,0.17,-0.16,0.4,0.99
1967-01-01,3.52,12.18,13.03,20.34,11.52,8.15,8.98,2.36,1.29,-3.06,0.43,-6.94
1967-02-01,-0.15,-2.37,3.86,0.6,2.56,0.77,3.01,-2.26,1.66,-0.93,0.36,3.51
1967-03-01,3.51,1.15,2.09,-4.92,1.94,4.0,1.77,0.47,0.82,-1.5,0.39,1.39
1967-04-01,1.63,0.54,6.97,12.55,9.79,3.89,0.43,-2.29,3.09,-3.72,0.32,0.52
1967-05-01,-2.48,-6.09,-2.17,-10.7,-5.4,-4.32,2.45,0.8,-1.19,1.62,0.33,0.65
1967-06-01,2.21,1.07,-0.89,8.87,3.37,2.42,6.42,0.8,-0.84,-2.49,0.27,6.01
1967-07-01,6.98,10.77,8.33,7.75,6.23,4.58,3.58,2.75,0.45,2.66,0.32,-1.08
1967-08-01,-1.52,2.01,2.47,0.25,0.47,-0.9,0.77,1.43,0.3,1.35,0.31,-1.33
1967-09-01,4.23,2.14,10.36,5.48,1.78,3.11,2.43,-2.47,0.22,-0.93,0.32,2.39
1967-10-01,-0.99,-5.03,-2.8,-2.28,0.58,-3.08,0.57,-3.29,0.97,-2.74,0.39,3.64
1967-11-01,0.84,-2.37,-0.77,-5.26,0.62,0.37,-0.06,-1.71,1.31,-2.28,0.36,1.22
1967-12-01,3.02,3.8,1.85,1.01,2.72,3.05,5.59,-0.54,-0.74,-0.03,0.33,3.21
1968-01-01,-0.95,5.56,2.42,-4.43,1.29,-4.03,4.68,4.85,-4.89,6.46,0.4,-4.49
1968-02-01,-2.62,0.85,-2.05,-1.83,0.05,-3.74,-2.92,1.23,-0.08,2.46,0.39,-3.36
1968-03-01,0.69,1.81,-1.2,4.71,3.15,0.21,-1.55,-0.63,1.07,-1.15,0.38,3.19
1968-04-01,5.62,9.81,12.58,14.7,11.8,9.01,6.17,-1.1,2.79,-3.73,0.43,5.13
1968-05-01,1.13,5.88,5.41,6.06,2.71,2.28,6.97,0.82,0.49,-1.92,0.45,3.77
1968-06-01,1.88,8.44,-2.29,-5.97,0.62,0.7,-0.33,0.66,-1.56,2.8,0.43,-2.1
1968-07-01,5.35,3.49,-4.03,-4.75,-5.01,-2.69,-1.39,5.31,-3.18,3.79,0.48,-0.88
1968-08-01,1.3,4.21,8.61,2.35,2.33,1.35,2.33,0.99,-0.66,0.47,0.42,1.93
1968-09-01,3.49,7.7,7.58,11.14,7.64,4.05,2.81,0.3,-1.94,0.87,0.43,-0.68
1968-10-01,2.65,2.73,2.11,-0.43,0.33,0.44,-0.43,2.82,-1.36,2.84,0.44,-1.44
1968-11-01,5.63,2.83,5.12,5.52,4.59,5.42,2.39,-0.96,0.44,-2.51,0.42,1.79
1968-12-01,-2.56,-8.68,-3.38,-4.1,-4.97,-3.93,3.55,0.04,-1.91,1.93,0.43,0.32
1969-01-01,-1.17,0.44,-4.31,-3.26,-0.7,-1.25,-0.42,1.66,-1.52,1.29,0.53,-0.13
1969-02-01,-4.93,-7.19,-7.98,-7.12,-2.88,-5.86,-4.16,0.89,1.99,0.75,0.46,-2.5
1969-03-01,7.47,4.19,-3.19,3.88,5.59,2.67,-0.51,-0.42,-1.34,-0.44,0.46,4.06
1969-04-01,-0.28,3.83,-0.17,6.75,3.85,1.47,-0.78,0.02,0.28,-0.16,0.53,1.1
1969-05-01,4.03,-4.19,0.85,-2.65,0.91,-0.1,-0.18,0.62,-0.87,1.05,0.48,1.77
1969-06-01,-9.93,-6.85,-10.24,-10.99,-4.24,-7.18,-5.47,-1.1,4.27,-1.63,0.51,-2.3
1969-07-01,-9.73,-6.62,-6.14,-7.88,-8.2,-7.0,-3.39,1.18,1.51,1.84,0.53,1.81
1969-08-01,6.64,12.76,4.16,6.42,8.21,4.69,0.58,-3.75,1.06,-3.98,0.5,2.1
1969-09-01,-9.71,-2.94,-3.03,2.14,-0.73,-2.97,1.29,-3.22,3.36,-0.62,0.62,2.41
1969-10-01,-1.13,10.75,6.78,6.29,6.26,5.05,3.91,-3.12,0.08,-2.08,0.6,-4.36
1969-11-01,-4.61,-8.99,-4.23,-8.39,-4.07,-3.8,-2.42,-1.25,1.4,0.21,0.52,3.68
1969-12-01,-3.07,-0.72,-5.56,-6.41,-2.81,-2.63,-3.72,-2.88,2.55,-1.92,0.64,5.27
1970-01-01,-11.58,-7.52,-4.68,-8.02,-5.89,-8.11,3.08,3.17,-1.75,3.96,0.6,0.56
1970-02-01,5.24,15.55,5.07,6.04,6.05,5.14,-2.57,3.69,-2.41,2.87,0.62,0.27
1970-03-01,-0.4,-1.22,1.12,-2.82,-0.92,-1.06,-2.42,4.08,-1.06,4.42,0.57,-0.37
1970-04-01,-9.09,-10.93,-7.72,-19.88,-10.01,-10.99,-6.34,6.14,-0.63,5.9,0.5,-0.83
1970-05-01,2.64,-6.49,-10.12,-7.91,-9.39,-6.91,-4.46,3.32,-1.29,3.79,0.53,-2.66
1970-06-01,-2.41,0.61,-2.57,-11.67,-3.7,-5.8,-2.1,0.44,0.14,2.71,0.58,5.63
1970-07-01,12.84,6.65,10.63,12.52,11.78,6.92,-0.66,0.93,-0.3,1.72,0.52,-3.11
1970-08-01,6.69,6.4,4.38,11.46,5.08,4.5,1.44,1.41,0.57,-0.14,0.53,-6.73
1970-09-01,2.99,-0.4,5.87,6.23,6.82,4.18,8.5,-5.41,0.25,-5.98,0.54,-8.64
1970-10-01,2.92,-5.23,-1.92,-4.35,-0.89,-2.28,-4.36,0.21,1.81,2.25,0.46,9.46
1970-11-01,4.91,4.7,2.73,6.54,7.77,4.62,-3.88,1.58,1.53,1.39,0.46,2.6
1970-12-01,2.2,8.22,13.35,5.2,4.88,5.74,2.89,1.04,0.28,0.3,0.42,-2.29
1971-01-01,0.26,0.52,5.94,10.41,7.84,4.83,7.44,1.55,-2.02,-0.06,0.38,-6.85
1971-02-01,4.85,1.08,6.31,5.79,3.57,1.41,2.01,-1.24,0.64,-0.8,0.33,0.83
1971-03-01,2.66,10.24,-0.43,9.39,6.27,4.12,2.22,-3.95,1.78,-2.65,0.3,-1.36
1971-04-01,4.34,-2.12,-0.04,8.47,5.57,3.15,-0.36,0.86,-1.46,0.85,0.28,1.34
1971-05-01,-4.72,-7.14,-3.58,-1.22,-2.01,-4.0,-1.12,-1.33,1.49,0.2,0.29,0.93
1971-06-01,0.98,-2.06,-6.49,2.15,-0.11,-0.09,-1.51,-1.97,1.58,-1.67,0.37,2.69
1971-07-01,-2.01,-2.04,-4.49,-10.8,-2.88,-4.49,-1.43,-0.02,0.58,1.39,0.4,-2.32
1971-08-01,-1.31,5.64,7.67,9.47,6.29,3.79,-0.23,2.64,-0.43,2.59,0.47,3.45
1971-09-01,-1.56,1.57,-0.4,-3.58,0.53,-0.86,0.26,-2.9,2.54,-1.58,0.37,2.1
1971-10-01,-4.28,1.48,-8.61,-6.78,-3.54,-4.42,-1.59,-0.51,1.56,-1.39,0.37,0.5
1971-11-01,0.1,2.21,-5.2,0.18,0.36,-0.46,-2.86,-1.67,2.41,-0.44,0.37,1.51
1971-12-01,8.75,6.28,14.9,11.79,9.75,8.71,3.24,-0.38,-0.43,-1.68,0.37,-0.61
1972-01-01,0.04,0.34,6.98,7.27,-0.92,2.47,6.09,2.12,-1.69,0.54,0.29,0.07
1972-02-01,2.69,-0.79,1.93,7.36,5.63,2.87,0.87,-2.83,1.69,-0.5,0.25,2.53
1972-03-01,-5.38,5.84,-0.24,0.06,2.18,0.62,-0.47,-1.61,1.58,-0.2,0.27,2.94
1972-04-01,-0.77,2.38,-1.62,-0.62,-1.27,0.29,0.27,0.03,-0.41,-1.06,0.29,2.79
1972-05-01,3.81,-2.39,-2.94,4.88,1.45,1.29,-3.12,-2.72,2.4,-1.97,0.3,3.33
1972-06-01,-0.75,-0.5,0.66,-3.34,-4.44,-2.46,-0.43,-2.46,1.78,-0.35,0.29,1.9
1972-07-01,-0.92,3.44,-2.75,-5.0,-2.06,-0.8,-2.79,0.6,1.2,-0.71,0.31,2.68
1972-08-01,12.49,7.66,-2.3,-2.95,-0.61,3.27,-3.46,4.56,-2.04,2.9,0.29,-5.36
1972-09-01,-0.09,1.17,-3.57,-2.61,-0.21,-1.14,-2.24,0.49,1.65,-1.97,0.34,1.82
1972-10-01,3.17,0.66,0.93,-1.98,0.73,0.52,-2.55,1.22,-0.11,0.03,0.4,0.7
1972-11-01,6.13,-0.76,9.03,6.53,6.04,4.59,-0.59,4.88,-1.98,3.34,0.37,-5.08
1972-12-01,1.11,1.25,-1.06,1.83,1.4,0.62,-1.89,-2.18,2.58,-2.14,0.37,4.95
1973-01-01,5.01,-5.39,-7.99,-14.82,-3.92,-3.28,-2.82,2.7,0.4,0.9,0.44,3.82
1973-02-01,-7.44,-5.97,-8.24,-13.35,-5.79,-4.85,-3.94,1.64,-0.29,0.05,0.42,2.18
1973-03-01,3.1,-0.02,0.54,-4.24,-6.4,-1.3,-2.29,2.57,-0.96,0.5,0.46,3.55
1973-04-01,-0.95,-6.08,-6.79,-10.23,-7.9,-5.68,-2.92,5.39,-1.55,2.52,0.52,6.35
1973-05-01,-3.56,-2.29,-5.68,-6.37,-1.58,-2.97,-6.12,0.38,1.97,-1.7,0.51,7.18
1973-06-01,1.68,3.83,-5.25,-8.7,-5.46,-1.57,-2.48,1.14,-0.2,0.09,0.51,4.31
1973-07-01,0.34,8.93,9.44,17.15,9.92,5.04,7.19,-5.26,-0.09,-3.23,0.64,-11.66
1973-08-01,-3.76,-1.0,-4.76,-0.57,-4.75,-3.82,-1.78,1.03,-1.32,1.25,0.7,3.59
1973-09-01,9.08,6.81,6.4,11.6,6.71,4.74,3.58,2.22,-2.22,1.75,0.68,-6.98
1973-10-01,5.13,1.0,1.57,-6.84,-3.88,-0.83,-0.27,1.66,-1.99,2.73,0.65,6.78
1973-11-01,-6.18,-13.76,-20.78,-22.9,-17.25,-12.79,-7.28,4.09,-2.77,1.64,0.56,8.78
1973-12-01,8.64,1.83,-7.14,-6.25,-0.8,0.59,-4.72,4.01,-2.89,2.42,0.64,10.16
1974-01-01,-7.58,0.16,10.91,8.87,7.82,-0.16,10.39,5.95,-2.92,4.49,0.63,-8.91
1974-02-01,-1.63,1.64,0.38,-2.49,1.36,-0.46,0.12,2.47,-1.85,2.67,0.58,0.37
1974-03-01,-3.32,-4.41,2.89,5.04,-4.53,-2.82,2.62,-0.14,2.9,0.45,0.56,-1.0
1974-04-01,-6.39,-5.12,-0.44,-7.26,-2.0,-5.28,-0.67,0.92,2.71,2.13,0.75,2.06
1974-05-01,-7.5,-10.89,-6.89,2.26,2.16,-4.7,-3.06,-2.08,5.01,-0.33,0.75,-0.29
1974-06-01,-0.19,-10.4,-2.1,-8.3,-2.08,-2.84,-0.05,0.83,0.5,2.98,0.6,2.32
1974-07-01,-0.44,-7.02,-2.64,-13.1,-13.61,-8.06,1.84,5.16,-3.2,4.5,0.7,3.0
1974-08-01,-8.71,-11.53,-7.32,1.83,-14.01,-9.39,0.28,2.61,-0.29,2.59,0.6,3.03
1974-09-01,-8.01,-9.07,-7.14,-18.6,-11.28,-11.78,1.47,5.43,-4.33,5.82,0.81,4.24
1974-10-01,20.51,24.98,5.83,9.07,7.97,16.1,-6.78,-9.91,-0.29,-2.91,0.51,-0.52
1974-11-01,-4.4,-3.11,-13.45,-4.05,-5.96,-4.53,-1.41,-0.25,-3.42,2.9,0.54,2.2
1974-12-01,0.86,-4.48,-2.36,-16.48,-2.72,-3.45,-4.27,0.12,-0.76,3.38,0.7,2.98
1975-01-01,6.55,22.16,19.75,27.7,27.14,13.67,12.88,8.26,-0.54,-1.05,0.58,-13.79
1975-02-01,2.36,-2.04,3.11,5.91,3.82,5.56,-0.69,-4.47,1.17,-2.11,0.43,-0.58
1975-03-01,-2.65,1.86,8.71,13.73,11.02,2.66,3.97,2.42,1.25,-1.34,0.41,-2.07
1975-04-01,6.98,1.91,9.29,10.68,0.88,4.22,-0.69,-1.13,1.39,-1.37,0.44,1.52
1975-05-01,11.84,5.65,3.68,0.37,4.54,5.2,2.98,-4.05,-1.13,-0.56,0.44,-0.58
1975-06-01,6.72,7.61,6.72,4.62,7.76,4.87,1.33,1.35,-2.7,1.07,0.41,-0.05
1975-07-01,-4.27,-6.72,-3.46,-6.1,-8.18,-6.6,3.4,1.76,0.46,1.24,0.48,0.35
1975-08-01,-0.81,-8.24,-2.66,-4.56,0.53,-2.84,-2.77,-0.91,1.1,-0.99,0.48,-0.16
1975-09-01,-1.22,-10.77,-0.44,-5.35,-3.63,-4.26,-0.02,0.33,0.57,0.57,0.53,0.4
1975-10-01,-1.05,3.53,8.53,-0.91,10.61,5.32,-4.25,0.35,-0.5,2.28,0.56,-0.22
1975-11-01,-1.77,4.9,4.51,6.31,4.42,2.65,-1.1,2.03,-0.66,1.74,0.41,-0.5
1975-12-01,0.03,0.76,-1.04,-2.82,-3.76,-1.6,-0.16,1.7,-0.11,0.77,0.48,-0.1
1976-01-01,8.21,13.19,20.26,23.31,7.91,12.16,6.39,8.63,-1.75,2.33,0.47,4.39
1976-02-01,-3.3,-1.49,4.28,5.72,4.37,0.32,7.91,5.71,-2.53,3.7,0.34,0.38
1976-03-01,7.48,5.22,0.81,-2.13,4.32,2.32,-1.38,-0.11,-0.38,0.99,0.4,0.23
1976-04-01,1.93,-3.01,-4.15,3.78,-5.18,-1.48,0.1,-0.16,0.45,-1.05,0.42,0.53
1976-05-01,5.46,-1.23,-5.29,0.7,-6.39,-1.35,-1.09,-1.29,2.43,-1.39,0.37,-1.06
1976-06-01,5.1,7.77,0.66,3.87,0.79,4.05,-1.07,0.73,-0.66,1.02,0.43,-0.44
1976-07-01,-0.46,-0.45,-1.67,1.4,-1.68,-1.06,0.61,1.74,-1.03,0.3,0.47,-0.15
1976-08-01,-0.7,-1.89,-2.7,-5.46,4.73,-0.57,-2.02,0.79,-0.4,-0.57,0.42,-0.78
1976-09-01,5.89,-1.54,-0.64,-0.11,0.37,2.04,0.2,-0.31,0.98,-1.14,0.44,0.2
1976-10-01,-2.38,0.76,-1.02,-3.64,-0.23,-2.42,0.05,-0.17,-0.19,-0.37,0.41,-0.42
1976-11-01,0.83,0.32,5.29,0.18,5.53,0.37,2.7,1.53,-1.31,0.07,0.4,2.81
1976-12-01,6.32,11.11,5.3,9.81,1.6,5.65,3.6,2.23,-0.72,2.41,0.4,0.75
1977-01-01,0.32,-5.12,-1.14,-6.75,-7.43,-4.04,5.91,4.32,-0.54,1.93,0.36,4.05
1977-02-01,-3.15,-2.32,-4.64,-4.9,-1.56,-1.94,1.05,0.45,-0.21,-0.19,0.35,0.35
1977-03-01,-2.14,-0.8,-1.01,-0.15,-3.06,-1.35,1.29,1.09,-0.32,-0.11,0.38,0.68
1977-04-01,2.67,-0.1,2.15,-4.94,-4.01,0.15,0.6,3.38,-1.98,1.04,0.38,4.19
1977-05-01,-0.21,-2.8,-4.4,-6.26,-3.74,-1.47,1.37,0.81,0.43,0.22,0.37,2.01
1977-06-01,6.01,5.93,5.45,4.03,5.87,4.72,2.1,-0.62,0.91,-1.27,0.4,1.6
1977-07-01,-1.66,1.14,-1.42,2.9,0.15,-1.69,1.81,-0.6,0.76,0.12,0.42,0.4
1977-08-01,-5.86,-0.66,-1.28,-2.85,4.94,-1.76,0.93,-2.77,1.03,-0.67,0.44,-1.63
1977-09-01,0.76,-0.89,0.01,-1.82,-1.26,-0.27,1.62,-0.26,0.91,-0.65,0.43,2.09
1977-10-01,-3.58,-5.97,-3.71,-10.15,-2.95,-4.39,1.41,1.62,-0.08,-0.46,0.49,-0.11
1977-11-01,3.45,5.23,6.92,6.6,5.22,4.02,3.6,0.23,-0.08,0.68,0.5,2.14
1977-12-01,1.97,-1.87,-1.06,-0.95,-2.31,0.27,1.61,-0.29,0.93,-0.66,0.49,1.6
1978-01-01,-6.96,-5.67,-1.11,-3.01,-6.86,-5.99,2.76,3.38,-1.79,1.56,0.49,-0.57
1978-02-01,-1.16,-1.41,-0.03,-1.23,-1.34,-1.39,3.7,0.81,0.3,1.05,0.46,1.96
1978-03-01,2.21,5.48,3.3,8.62,1.69,2.85,3.65,1.15,-0.55,2.0,0.53,1.45
1978-04-01,6.59,10.09,5.55,8.79,11.57,7.87,-0.32,-3.54,2.88,-1.27,0.54,0.49
1978-05-01,0.94,1.21,3.62,7.15,-0.33,1.76,4.54,-0.55,0.2,0.29,0.51,2.76
1978-06-01,-3.79,-0.93,-1.2,-2.31,-2.2,-1.69,1.64,0.6,-1.41,-0.12,0.54,2.79
1978-07-01,3.36,5.48,3.6,7.23,5.24,5.12,0.17,-1.0,1.47,-0.73,0.56,4.19
1978-08-01,5.24,4.84,10.52,2.8,5.48,3.79,4.93,-0.66,1.57,0.5,0.56,3.0
1978-09-01,4.84,-0.08,2.65,-2.58,-2.36,-1.45,-0.38,1.88,-0.69,1.57,0.62,-3.19
1978-10-01,-10.49,-10.38,-18.56,-17.14,-12.96,-11.91,-10.04,1.26,0.17,1.14,0.68,-8.47
1978-11-01,6.17,-0.19,4.36,0.44,1.97,2.72,2.9,-2.08,1.09,-1.19,0.7,5.45
1978-12-01,2.89,0.73,-1.41,-0.81,-1.58,0.88,1.01,-2.14,2.01,-1.47,0.78,3.02
1979-01-01,3.0,2.97,8.19,6.26,6.34,4.22,3.74,2.19,-2.4,1.58,0.77,-1.42
1979-02-01,0.61,-4.13,-0.02,-7.44,-4.31,-3.56,0.53,1.17,-1.11,0.96,0.73,-0.99
1979-03-01,9.18,6.05,7.92,8.45,5.8,5.67,3.17,-0.68,0.54,0.29,0.81,2.91
1979-04-01,4.51,2.03,1.38,7.14,0.81,-0.07,2.4,1.12,1.14,0.24,0.8,0.88
1979-05-01,-2.59,1.05,-1.58,0.55,-2.75,-2.21,0.18,1.32,-1.56,-0.31,0.82,-0.58
1979-06-01,9.19,9.04,3.73,3.45,2.47,3.84,0.94,1.42,-1.58,-0.56,0.81,0.76
1979-07-01,1.65,2.73,0.85,1.3,0.97,0.83,1.27,1.79,-0.44,0.52,0.77,-1.07
1979-08-01,8.0,5.39,4.12,9.0,9.24,5.54,1.85,-1.58,1.5,-1.46,0.77,-0.29
1979-09-01,5.97,-2.6,-2.41,1.56,-2.01,-0.83,-0.28,-0.94,0.84,0.5,0.83,5.28
1979-10-01,-2.36,-10.91,-9.26,-9.6,-8.6,-8.1,-3.49,-1.83,0.96,0.14,0.87,2.06
1979-11-01,8.81,3.98,3.94,2.35,3.28,5.23,2.51,-3.21,-0.03,-1.83,0.99,8.06
1979-12-01,2.45,2.03,7.99,4.9,1.14,1.78,4.27,-2.13,-0.67,-1.01,0.95,4.73
1980-01-01,14.13,-2.04,4.88,10.75,-0.45,5.5,1.88,1.85,-1.84,1.89,0.8,7.46
1980-02-01,13.18,-7.35,-1.15,-2.27,-5.52,-1.23,-1.62,0.59,-0.95,2.92,0.89,7.91
1980-03-01,-17.88,-4.38,-14.52,-11.51,-7.84,-12.89,-6.97,-0.96,1.82,-1.05,1.21,-9.59
1980-04-01,6.92,8.62,4.93,-4.03,4.81,3.96,1.05,1.03,-2.18,0.34,1.26,-0.5
1980-05-01,4.01,6.51,7.25,5.91,9.58,5.26,2.0,0.38,0.43,-0.63,0.81,-1.18
1980-06-01,5.83,4.94,1.81,2.71,2.45,2.97,1.46,-0.8,-0.2,-0.81,0.61,1.58
1980-07-01,1.96,1.61,11.48,12.51,10.95,6.51,3.74,-6.29,4.06,-2.44,0.53,0.32
1980-08-01,3.7,-0.5,4.92,7.57,0.25,1.75,4.23,-2.46,2.05,-0.73,0.64,3.08
1980-09-01,6.52,-1.13,-0.1,7.2,-0.73,2.19,0.63,-4.61,1.9,-2.86,0.75,5.44
1980-10-01,7.84,-0.99,1.82,3.73,-1.8,1.04,2.21,-2.93,1.77,-1.43,0.95,7.14
1980-11-01,24.4,2.71,-1.7,14.7,0.61,9.6,-3.27,-8.11,4.26,-5.52,0.96,15.19
1980-12-01,-10.6,9.77,-2.7,-8.6,0.3,-4.46,-0.28,2.8,-1.27,1.27,1.31,-6.69
1981-01-01,-10.18,-0.86,7.25,-8.54,0.42,-5.06,3.3,6.74,-3.38,4.27,1.04,-7.9
1981-02-01,-0.31,2.42,1.19,0.71,3.27,0.61,-0.65,0.97,0.26,2.06,1.07,-1.38
1981-03-01,-2.12,2.7,4.8,12.73,13.67,3.66,2.85,0.61,-2.27,-0.56,1.21,0.83
1981-04-01,-7.81,0.37,10.66,4.54,4.06,-2.16,4.72,2.28,0.81,1.54,1.08,-1.08
1981-05-01,-4.0,5.24,0.64,5.81,2.61,0.13,2.36,-0.43,0.47,-1.78,1.15,3.55
1981-06-01,4.75,2.68,-0.33,-9.58,-1.17,-2.34,-0.93,5.14,-1.29,2.69,1.35,-5.69
1981-07-01,7.93,-3.72,-3.0,-6.59,-2.84,-1.55,-1.95,-0.61,1.08,-2.66,1.24,-2.45
1981-08-01,-6.27,-5.37,-6.32,-3.16,-6.14,-7.02,-1.82,4.71,-0.31,1.38,1.28,-1.09
1981-09-01,-12.34,-1.0,-2.24,-2.07,-2.75,-7.2,-2.46,5.11,0.08,2.53,1.24,2.13
1981-10-01,9.56,5.92,5.86,11.28,5.57,4.92,2.28,-4.09,3.12,-2.79,1.21,3.93
1981-11-01,6.87,5.07,0.28,-3.85,1.16,3.4,-1.58,1.91,0.14,1.0,1.07,-0.2
1981-12-01,-6.42,-5.46,1.07,-0.31,-1.71,-3.63,1.18,0.79,0.21,2.45,0.87,1.27
1982-01-01,-8.48,-1.02,2.28,-0.35,1.21,-3.23,-1.1,3.19,-1.43,1.95,0.8,1.76
1982-02-01,-11.18,-2.17,-4.43,-8.84,-0.58,-5.86,0.4,6.09,-3.55,4.57,0.92,4.87
1982-03-01,-3.38,-0.95,0.44,6.14,5.03,-1.82,0.02,3.76,-1.28,2.37,0.98,2.91
1982-04-01,4.33,3.69,10.22,7.71,5.95,3.24,1.21,-3.08,1.5,-0.05,1.13,-0.46
1982-05-01,2.48,-7.31,-2.92,-6.64,-2.64,-3.93,0.41,1.78,0.96,-0.12,1.06,2.51
1982-06-01,-6.27,-2.15,-3.08,-1.1,3.43,-3.08,-0.51,1.56,0.09,2.53,0.96,4.88
1982-07-01,-8.09,-3.77,1.56,4.61,0.57,-3.2,1.01,0.07,1.0,1.44,1.05,4.4
1982-08-01,10.04,11.09,9.19,8.02,11.68,11.15,-4.46,1.09,-1.85,0.17,0.76,-3.56
1982-09-01,1.89,6.53,2.65,-0.24,5.7,1.32,2.55,0.23,2.16,-0.02,0.51,4.14
1982-10-01,5.46,20.44,16.79,19.37,17.22,11.24,1.96,-3.62,0.2,-0.3,0.59,0.0
1982-11-01,-4.62,6.34,3.99,11.46,11.98,4.68,4.39,-1.8,-1.02,0.29,0.63,5.91
1982-12-01,5.57,-4.85,4.55,-8.43,-2.98,0.56,-0.14,-0.06,0.0,1.0,0.67,0.0
1983-01-01,3.6,1.91,4.22,10.3,0.73,3.59,3.41,-0.72,-1.52,-0.56,0.69,-1.64
1983-02-01,-0.51,5.77,5.92,12.63,7.48,2.59,2.88,0.66,-0.36,1.01,0.62,3.71
1983-03-01,5.98,7.97,8.08,-9.22,10.57,2.81,1.37,2.06,-0.19,2.8,0.63,0.88
1983-04-01,9.42,12.33,6.79,3.29,9.7,6.65,0.43,0.43,-0.07,1.51,0.71,1.64
1983-05-01,1.25,-0.96,2.21,9.21,0.0,0.51,6.26,-1.4,-1.81,-1.43,0.69,-1.56
1983-06-01,6.4,-1.17,7.36,11.07,6.19,3.07,1.16,-3.89,2.55,-0.78,0.67,1.86
1983-07-01,-2.28,-2.16,-0.54,-2.03,-2.22,-4.06,1.05,5.54,-0.07,2.88,0.74,-3.08
1983-08-01,6.93,1.11,-0.32,0.15,-5.43,-0.5,-4.32,5.59,0.52,1.85,0.76,-5.36
1983-09-01,-4.68,2.93,1.78,2.33,1.99,0.91,0.3,0.99,1.21,0.5,0.76,-0.01
1983-10-01,-2.0,-6.65,-4.1,-5.43,-0.92,-3.43,-3.75,4.96,-0.82,3.0,0.76,-4.48
1983-11-01,-0.49,7.2,8.68,4.6,4.14,2.16,1.87,-0.73,-0.68,0.64,0.7,-0.13
1983-12-01,2.18,-0.37,-1.98,-0.99,-5.96,-1.77,-0.42,1.75,1.55,1.33,0.73,0.82
1984-01-01,9.93,3.01,-4.1,-8.12,-6.29,-1.92,0.0,7.48,-0.88,2.88,0.76,-2.57
1984-02-01,4.03,-6.55,-7.81,-6.05,-4.36,-4.76,-1.58,3.41,1.04,1.51,0.71,0.45
1984-03-01,0.25,-2.23,-1.88,2.32,0.31,0.65,-0.25,0.53,-0.97,1.15,0.73,1.12
1984-04-01,4.0,-0.7,0.37,4.55,0.83,-0.51,-0.94,1.19,3.3,0.77,0.81,2.14
1984-05-01,-5.13,-10.32,-3.9,-9.93,-5.09,-5.98,0.14,0.26,2.41,-0.51,0.78,1.52
1984-06-01,-1.98,1.6,2.15,-1.01,7.62,1.81,0.16,-2.75,3.08,-1.57,0.75,-0.55
1984-07-01,-7.45,0.84,-7.89,2.05,1.02,-2.72,-2.21,0.39,3.52,-2.16,0.82,2.78
1984-08-01,14.02,10.9,8.2,17.42,9.08,10.27,-0.28,-1.74,-0.73,-0.91,0.83,-5.6
1984-09-01,2.27,6.11,-2.92,-9.19,0.28,-0.8,-0.04,5.25,1.37,2.39,0.86,3.64
1984-10-01,-4.31,0.93,1.63,-3.24,-1.15,-0.84,-1.34,0.59,1.14,-1.04,1.0,3.29
1984-11-01,-1.04,0.47,0.15,-7.03,-2.82,-1.77,-1.06,3.87,0.8,1.95,0.73,1.57
1984-12-01,-0.54,5.93,2.66,3.31,-0.09,1.84,-0.74,-0.29,1.28,-1.28,0.64,1.4
1985-01-01,6.53,9.43,8.45,10.89,12.75,7.97,3.45,-5.21,-0.99,-3.46,0.65,-6.77
1985-02-01,3.92,0.54,3.1,-1.24,2.36,1.22,0.97,-0.24,1.42,1.1,0.58,1.86
1985-03-01,1.5,0.9,-3.64,-2.21,-0.72,-0.84,-1.38,4.01,1.23,2.86,0.62,1.79
1985-04-01,3.86,3.15,-2.92,-4.87,0.27,-0.96,-0.14,3.6,1.62,0.71,0.72,2.95
1985-05-01,0.58,6.0,3.66,7.82,11.35,5.07,-2.36,-0.98,1.27,-1.43,0.66,4.06
1985-06-01,-0.6,4.22,3.64,2.06,1.38,1.27,0.21,0.38,1.69,-1.02,0.55,3.39
1985-07-01,-0.63,-2.14,3.76,0.21,-5.69,-0.72,2.85,-1.62,-0.36,-0.37,0.62,-3.85
1985-08-01,1.58,-0.49,0.9,0.12,-0.33,-1.01,-0.3,2.34,-0.16,1.93,0.55,1.78
1985-09-01,-1.31,-6.26,-0.87,-5.16,-4.24,-4.5,-1.84,1.21,1.11,1.58,0.6,1.59
1985-10-01,5.99,10.21,8.09,-3.86,8.22,4.0,-1.47,0.77,0.88,-1.06,0.65,4.86
1985-11-01,0.31,7.05,3.86,10.33,7.41,6.46,-0.05,-2.91,0.32,-2.35,0.61,-0.58
1985-12-01,-2.68,7.29,7.58,6.14,4.14,3.88,-0.41,-1.46,0.96,-1.77,0.65,-0.23
1986-01-01,-6.84,2.81,3.13,2.2,1.64,0.65,0.95,0.46,-1.99,-1.99,0.56,2.96
1986-02-01,0.91,11.03,10.18,11.24,7.19,7.14,-0.72,-0.63,1.16,-1.23,0.53,2.59
1986-03-01,0.81,7.26,8.15,5.51,9.09,4.91,-0.63,-0.39,1.0,0.81,0.6,2.4
1986-04-01,0.83,-0.59,-1.68,3.89,-0.64,-1.28,2.81,-2.81,2.9,-0.1,0.52,-0.34
1986-05-01,7.41,4.2,4.08,3.04,11.77,4.63,-1.29,-0.14,2.07,1.1,0.49,2.09
1986-06-01,-2.03,2.3,5.11,-6.66,4.79,1.06,-0.87,1.2,1.85,0.83,0.52,4.95
1986-07-01,-5.14,-6.48,-7.33,-7.06,-9.15,-6.43,-3.53,4.66,-0.55,0.81,0.52,1.9
1986-08-01,16.84,6.79,1.06,8.37,1.45,6.07,-4.34,3.54,-1.71,3.32,0.46,-5.16
1986-09-01,-0.83,-9.93,-6.54,-9.91,-8.41,-8.59,2.1,3.23,-0.17,3.71,0.45,-5.69
1986-10-01,1.94,2.48,5.62,0.78,7.84,4.64,-2.37,-1.42,-0.01,1.01,0.46,4.46
1986-11-01,3.26,-0.95,8.67,0.24,1.73,1.16,-1.86,-0.02,0.98,0.7,0.39,-0.25
1986-12-01,-0.42,-1.17,0.41,-7.62,-6.75,-3.26,0.19,0.36,0.87,0.09,0.49,0.46
1987-01-01,14.23,9.24,6.82,20.39,10.33,12.44,-1.61,-3.18,0.17,-1.03,0.42,2.06
1987-02-01,-1.79,5.33,6.41,9.05,11.69,4.37,3.36,-5.86,-0.79,-2.55,0.43,-2.23
1987-03-01,11.96,-1.5,2.06,5.16,1.91,1.63,0.32,1.66,1.3,4.17,0.47,1.66
1987-04-01,0.13,-3.98,6.16,6.13,-2.42,-2.09,-1.58,-0.36,-0.52,1.16,0.44,0.21
1987-05-01,3.0,-1.22,8.67,-3.38,0.54,0.11,-0.58,0.22,0.49,1.13,0.38,-0.8
1987-06-01,5.87,5.93,0.61,-0.98,7.5,3.91,-2.11,1.13,1.56,1.07,0.48,-0.22
1987-07-01,3.17,-0.06,4.45,4.37,6.68,3.84,-1.07,0.94,-0.65,1.58,0.46,2.58
1987-08-01,1.9,4.68,-1.79,8.87,3.36,3.52,-1.01,-0.98,2.11,-1.55,0.47,-0.95
1987-09-01,-3.84,-4.76,-0.86,-2.03,-7.13,-2.58,0.45,0.26,-0.88,1.82,0.45,0.8
1987-10-01,-18.74,-22.5,-32.63,-33.4,-28.89,-23.19,-7.91,4.18,2.29,2.24,0.6,-7.72
1987-11-01,-10.73,-7.95,-5.17,-11.14,-9.56,-7.76,2.78,3.14,-1.93,0.6,0.35,-1.23
1987-12-01,6.72,4.99,13.69,16.98,8.0,6.82,-0.01,-4.42,3.13,-2.46,0.39,5.87
1988-01-01,8.51,11.32,1.43,-6.1,7.07,4.21,-0.56,4.93,-1.19,2.1,0.29,-7.36
1988-02-01,3.56,3.37,22.69,10.33,11.92,4.77,3.3,-1.53,1.51,0.06,0.46,-1.47
1988-03-01,2.6,-3.91,8.8,-1.9,-1.36,-2.26,6.11,0.86,-0.23,1.78,0.44,0.56
1988-04-01,4.61,0.43,0.08,4.15,2.19,0.56,1.09,1.51,-0.09,1.9,0.46,2.21
1988-05-01,-0.41,3.09,2.43,0.71,-1.45,-0.27,-2.52,2.44,-0.77,0.3,0.51,0.66
1988-06-01,-2.11,7.55,3.81,12.0,6.76,4.78,2.07,-1.35,1.52,-3.52,0.49,-3.02
1988-07-01,3.67,0.19,0.27,-2.22,-0.38,-1.25,-0.18,2.18,-0.49,1.53,0.51,0.65
1988-08-01,-1.46,-1.41,-3.09,-6.13,-2.3,-3.31,-0.02,2.14,-0.85,1.65,0.59,0.36
1988-09-01,-2.53,3.9,3.41,5.05,8.97,3.31,-1.38,-0.75,1.76,-0.55,0.62,0.29
1988-10-01,1.89,-0.6,1.62,0.15,2.17,1.16,-2.97,2.03,1.39,0.99,0.61,1.31
1988-11-01,-0.23,-2.61,-6.01,-3.78,-2.6,-2.27,-1.58,1.47,-0.36,1.64,0.57,0.2
1988-12-01,1.83,-0.93,7.51,5.17,1.0,1.48,1.94,-1.83,0.69,-0.38,0.63,0.32
1989-01-01,6.16,6.53,9.03,10.02,6.3,6.06,-2.26,0.61,-0.97,0.11,0.55,-0.2
1989-02-01,-1.29,-0.66,6.57,4.23,-1.7,-2.23,2.7,0.99,-0.84,1.88,0.61,1.01
1989-03-01,3.89,5.78,5.76,7.28,3.04,1.57,0.68,0.47,-0.01,0.65,0.67,3.5
1989-04-01,2.44,3.73,5.01,4.84,5.67,4.35,-0.75,-1.48,0.73,-0.48,0.67,1.8
1989-05-01,2.74,6.3,2.45,7.68,5.38,3.28,-0.06,-0.9,0.45,-0.26,0.79,1.46
1989-06-01,-1.01,0.18,-1.35,7.95,-2.52,-1.33,-1.04,2.21,0.13,1.52,0.71,0.44
1989-07-01,3.78,7.73,7.22,10.21,10.44,7.18,-4.11,-2.8,2.05,-0.56,0.7,5.32
1989-08-01,3.5,1.44,2.98,-1.67,3.66,1.43,0.48,0.62,0.36,-0.61,0.74,-0.47
1989-09-01,1.36,2.82,-2.93,0.32,-2.83,-0.76,0.47,-1.27,1.39,0.58,0.65,3.49
1989-10-01,0.78,-8.61,-5.96,-3.35,-4.37,-3.65,-3.3,-1.16,0.08,-0.11,0.68,1.36
1989-11-01,3.98,-2.83,1.53,-0.68,0.98,1.04,-1.26,-1.13,-0.74,1.38,0.69,2.68
1989-12-01,6.02,-2.89,0.38,0.05,0.58,1.18,-2.28,0.15,-0.07,1.31,0.61,2.77
1990-01-01,-4.28,-9.62,-10.17,-3.55,-5.6,-7.8,-1.21,0.83,-1.12,1.4,0.57,-3.0
1990-02-01,3.09,3.8,1.98,0.21,2.09,1.11,1.15,0.65,-0.04,-0.61,0.57,-0.51
1990-03-01,-0.62,-3.01,2.31,7.04,6.06,1.83,1.59,-2.9,1.99,-0.94,0.64,1.73
1990-04-01,-3.54,-4.31,-2.59,-6.48,-1.68,-3.36,-0.35,-2.57,1.78,-1.0,0.69,2.31
1990-05-01,6.01,10.55,4.16,12.84,11.88,8.44,-2.41,-3.89,1.68,-1.63,0.68,3.12
1990-06-01,-2.02,-3.65,-4.86,-5.02,1.69,-1.09,1.31,-2.0,-0.99,-0.39,0.63,2.51
1990-07-01,8.37,-7.63,-1.2,-9.02,-3.71,-1.9,-3.15,-0.06,-0.1,3.21,0.68,6.04
1990-08-01,-1.24,-11.46,-14.03,-14.77,-12.68,-10.13,-3.79,1.56,-0.48,2.99,0.66,1.96
1990-09-01,-1.65,-12.55,-17.04,-8.56,-9.36,-6.11,-3.72,0.59,0.03,3.62,0.6,5.76
1990-10-01,-3.94,-9.14,-10.99,-1.43,-3.04,-1.91,-5.06,0.08,3.17,-0.25,0.68,6.71
1990-11-01,1.64,16.21,8.51,9.87,11.75,6.35,0.02,-2.97,0.58,-4.71,0.57,-5.46
1990-12-01,-2.06,7.5,8.33,2.12,2.88,2.48,0.6,-1.57,2.66,-1.98,0.6,0.24
1991-01-01,-2.03,8.29,11.06,11.85,11.72,4.69,3.87,-1.48,1.34,-4.07,0.52,-6.45
1991-02-01,8.54,12.38,11.91,17.65,7.69,7.21,4.02,-0.62,-0.06,-0.34,0.48,-4.9
1991-03-01,1.32,4.79,3.43,4.38,9.38,2.67,3.81,-1.3,-0.52,-0.99,0.44,2.74
1991-04-01,2.39,6.07,2.75,3.05,2.61,-0.29,0.35,1.49,0.67,0.81,0.53,-2.33
1991-05-01,-1.39,7.04,4.57,4.27,8.25,3.66,0.14,-0.52,2.07,-2.36,0.47,-0.1
1991-06-01,-3.7,-6.76,1.45,-5.46,-4.4,-4.94,0.3,1.08,1.75,0.68,0.42,0.42
1991-07-01,5.07,9.4,10.5,0.88,5.63,4.24,-1.0,-1.3,1.6,-1.44,0.49,4.26
1991-08-01,1.61,7.98,0.42,1.29,4.94,2.32,1.42,-0.79,0.85,-0.32,0.46,1.58
1991-09-01,-0.69,-1.07,4.23,8.53,-4.15,-1.59,1.58,-1.23,-1.77,-0.04,0.46,1.74
1991-10-01,2.04,0.83,-1.32,11.64,-3.12,1.29,0.85,-0.43,-1.65,-0.3,0.42,3.18
1991-11-01,-7.74,-8.41,-4.75,1.83,-0.44,-4.2,-0.88,-1.77,1.1,-0.12,0.39,1.18
1991-12-01,2.15,15.47,13.41,12.16,13.31,10.86,-2.41,-4.23,3.67,-3.14,0.38,8.27
1992-01-01,-4.11,1.66,10.1,0.93,-0.39,-0.59,9.19,4.67,-1.17,3.25,0.34,-2.49
1992-02-01,-0.58,5.08,8.25,6.47,2.96,1.09,1.3,6.51,0.07,2.25,0.28,-0.69
1992-03-01,-2.71,-1.65,3.84,-2.74,-1.36,-2.66,-0.89,3.49,-0.06,1.82,0.34,-0.24
1992-04-01,9.54,2.82,1.28,1.12,-4.61,1.09,-5.75,4.36,1.65,2.4,0.32,-2.51
1992-05-01,3.17,3.09,-1.98,6.6,-0.18,0.3,0.2,1.11,-0.91,0.49,0.28,0.07
1992-06-01,-3.46,0.49,-7.33,-1.89,-1.78,-2.33,-2.76,3.24,-0.06,0.95,0.32,-0.57
1992-07-01,5.28,1.67,7.19,2.44,4.26,3.78,-0.65,-0.51,1.24,-0.97,0.31,1.53
1992-08-01,2.56,-4.18,-1.46,-3.69,0.11,-2.38,-0.39,-1.09,3.66,-1.64,0.26,-0.49
1992-09-01,0.07,1.65,2.3,6.15,4.34,1.19,0.47,-0.19,1.61,-0.68,0.26,1.41
1992-10-01,-3.52,2.8,0.14,1.47,4.49,1.02,2.09,-1.98,1.19,-0.91,0.23,2.59
1992-11-01,-2.69,7.4,5.73,5.48,6.97,4.14,3.88,-1.52,-0.54,-1.58,0.23,-0.23
1992-12-01,2.01,4.66,5.13,-4.26,0.22,1.53,1.65,2.64,-0.52,0.83,0.28,4.46
1993-01-01,2.79,4.38,2.53,5.27,-0.27,0.93,1.94,5.9,-1.9,2.94,0.23,4.84
1993-02-01,6.04,1.89,3.25,-9.66,-1.71,0.12,-3.37,6.48,-0.47,4.15,0.22,3.12
1993-03-01,4.11,3.69,2.77,2.78,2.9,2.32,0.09,1.26,-0.22,0.82,0.25,3.72
1993-04-01,1.12,-4.81,-4.7,1.23,-9.28,-3.05,-0.81,2.55,-3.69,1.38,0.24,0.36
1993-05-01,1.81,-0.94,0.02,7.32,5.92,2.89,1.94,-3.46,-0.14,-1.03,0.22,0.2
1993-06-01,-1.09,5.12,-4.62,3.46,-3.44,0.3,0.12,2.64,-0.91,1.16,0.25,4.55
1993-07-01,0.46,1.19,-2.93,1.16,0.12,-0.34,0.96,2.87,-1.84,2.05,0.24,3.23
1993-08-01,4.28,1.08,9.17,8.13,3.64,3.72,0.08,0.18,-1.52,0.04,0.25,2.59
1993-09-01,1.33,3.31,-3.15,3.15,-0.5,-0.12,3.02,-0.24,0.25,-0.19,0.26,3.44
1993-10-01,-1.96,-4.72,2.04,1.68,4.58,1.41,1.86,-2.78,0.61,0.56,0.22,-2.69
1993-11-01,-5.99,-3.16,0.23,-0.19,1.63,-1.86,-1.31,-0.78,2.19,-1.03,0.25,-4.8
1993-12-01,0.59,3.42,0.27,-6.31,-3.93,1.65,1.35,0.25,1.14,-0.35,0.23,2.36
1994-01-01,4.89,4.83,-6.93,2.48,0.14,2.87,-0.05,1.1,-1.54,1.39,0.25,0.1
1994-02-01,-2.96,-3.72,0.41,5.6,2.78,-2.55,2.62,-1.52,2.08,-0.94,0.21,-0.38
1994-03-01,-3.56,-2.79,-0.69,-6.5,-4.35,-4.79,-1.03,1.67,0.65,1.39,0.27,-1.31
1994-04-01,4.2,4.57,2.86,0.32,0.27,0.68,-1.0,1.66,1.05,1.14,0.27,0.34
1994-05-01,0.94,5.38,-5.28,0.63,-2.54,0.58,-2.49,0.6,0.64,0.6,0.32,-2.07
1994-06-01,-2.72,-1.96,-5.55,-5.6,-1.62,-3.04,-0.52,1.77,1.05,1.5,0.31,-0.88
1994-07-01,3.27,2.03,-1.4,1.6,1.02,2.82,-1.87,0.61,-0.66,0.1,0.28,0.12
1994-08-01,-0.11,3.69,4.92,4.28,4.39,4.02,1.44,-2.55,0.98,-1.52,0.37,1.54
1994-09-01,-2.1,-6.3,-5.7,-1.71,-2.53,-2.28,2.71,-1.81,0.56,1.06,0.37,1.31
1994-10-01,7.43,0.14,1.24,6.29,1.3,1.35,-2.22,-1.66,0.18,-0.73,0.38,1.43
1994-11-01,-4.84,-6.84,-2.94,-7.9,-2.47,-4.03,0.09,-0.73,0.48,-0.53,0.37,-0.15
1994-12-01,-1.01,-0.24,1.12,-4.78,-4.71,0.86,-0.05,-0.09,0.4,0.36,0.44,3.46
1995-01-01,0.38,6.02,-1.17,0.05,0.81,1.8,-3.07,2.59,0.15,-0.65,0.42,-1.81
1995-02-01,4.52,6.66,2.53,4.24,2.09,3.63,-0.49,0.99,0.61,-0.4,0.4,-0.43
1995-03-01,5.28,0.48,-2.84,2.11,4.02,2.19,-0.53,-2.13,-0.13,0.23,0.46,0.43
1995-04-01,2.24,4.06,0.84,-4.86,-3.57,2.11,-0.26,1.67,0.43,0.82,0.44,1.79
1995-05-01,4.08,8.09,3.92,6.01,2.8,2.9,-2.17,2.28,0.41,0.01,0.54,-0.54
1995-06-01,-3.09,1.45,-1.53,1.79,5.13,2.72,3.05,-2.54,-0.23,-2.39,0.47,3.02
1995-07-01,2.3,4.77,4.25,4.49,4.09,3.71,2.12,-1.58,0.22,-1.58,0.45,2.54
1995-08-01,-1.6,5.25,-1.04,0.88,-3.46,0.55,1.7,2.68,-1.17,1.49,0.47,0.14
1995-09-01,1.29,5.53,-3.28,-3.14,3.35,3.36,-1.86,-0.11,0.99,0.4,0.43,2.87
1995-10-01,-0.23,-2.3,-9.32,-5.79,-8.14,-1.51,-4.07,-0.49,1.93,-0.1,0.47,4.18
1995-11-01,4.8,7.11,7.3,4.48,6.92,3.96,-1.06,0.52,-0.57,1.0,0.42,-0.72
1995-12-01,5.8,0.88,-0.13,0.05,-1.56,1.04,0.65,0.24,-1.44,3.02,0.49,2.5
1996-01-01,-0.41,4.28,-2.98,8.17,-1.42,2.26,-2.64,0.46,0.26,2.3,0.43,0.55
1996-02-01,1.03,2.68,0.49,1.47,5.53,1.33,1.77,-1.05,0.16,-1.89,0.39,0.57
1996-03-01,5.01,3.16,2.63,-0.24,8.24,0.74,1.56,0.42,1.44,-0.95,0.39,-1.85
1996-04-01,3.47,-1.22,3.22,0.81,4.39,2.05,4.7,-3.97,-0.2,-2.03,0.46,-0.96
1996-05-01,0.49,2.02,5.36,3.92,5.04,2.36,3.23,-0.9,0.03,-0.33,0.42,1.6
1996-06-01,0.96,-0.05,0.1,-1.69,-1.16,-1.13,-3.67,2.33,3.5,1.2,0.4,1.0
1996-07-01,-4.63,-0.44,-3.14,-9.89,-7.69,-5.96,-3.78,5.19,2.9,2.68,0.45,-0.15
1996-08-01,2.94,4.58,4.23,1.29,7.22,2.77,2.58,-0.82,-0.38,-2.47,0.41,-0.01
1996-09-01,3.99,6.44,1.4,6.66,3.49,5.01,-1.41,-2.74,1.3,-2.13,0.44,2.66
1996-10-01,5.97,7.1,1.17,-1.43,-2.05,0.87,-3.79,4.88,1.38,2.97,0.42,3.79
1996-11-01,5.54,9.27,0.32,6.08,2.12,6.25,-3.82,1.4,2.06,-0.69,0.41,-2.34
1996-12-01,0.77,-3.41,2.43,-6.76,-4.24,-1.7,3.19,1.28,0.23,1.49,0.46,0.58
1997-01-01,4.34,7.71,5.6,3.69,0.28,4.97,-1.82,-1.44,1.22,-0.07,0.45,1.92
1997-02-01,-5.75,4.17,2.2,-0.55,5.74,-0.48,-2.54,5.61,0.72,3.47,0.39,-2.08
1997-03-01,5.26,-7.79,-2.22,-1.7,-0.74,-5.02,-0.41,3.39,0.39,1.53,0.43,0.9
1997-04-01,0.02,6.2,-5.05,3.38,1.64,4.04,-5.7,0.0,3.36,-1.02,0.43,4.84
1997-05-01,7.34,4.27,5.55,5.8,6.4,6.73,4.68,-4.11,-1.04,-2.76,0.49,-5.2
1997-06-01,1.28,5.41,0.61,5.51,6.71,4.1,1.17,1.44,0.56,0.45,0.37,2.6
1997-07-01,7.43,11.89,1.32,3.8,8.95,7.31,-2.74,0.13,0.18,-2.56,0.43,3.69
1997-08-01,0.3,-5.24,0.46,-1.66,-2.85,-4.09,7.5,1.13,-1.02,-0.17,0.41,-2.64
1997-09-01,6.27,7.71,6.09,2.34,5.43,5.34,2.48,0.24,-1.58,-0.93,0.44,1.48
1997-10-01,-2.0,-1.12,-4.23,3.22,-1.24,-3.81,-0.56,2.33,0.75,2.01,0.42,-0.54
1997-11-01,-3.48,3.72,-2.15,1.92,6.47,2.99,-5.01,1.22,3.08,1.73,0.39,0.42
1997-12-01,-1.47,6.14,1.56,-4.55,-0.64,1.36,-2.09,3.74,0.64,1.95,0.48,3.93
1998-01-01,-5.66,-3.58,-0.56,2.3,1.75,0.14,-1.28,-1.68,0.91,-0.62,0.43,0.08
1998-02-01,6.78,8.62,6.99,9.46,11.12,7.04,0.05,-0.93,-0.37,-2.58,0.39,-1.19
1998-03-01,4.8,5.82,6.08,-0.24,7.47,4.76,-0.73,1.38,-0.55,-0.23,0.39,2.14
1998-04-01,3.74,2.02,3.8,4.66,-0.31,0.74,0.01,1.03,-1.68,-0.36,0.43,0.68
1998-05-01,-4.27,-2.84,-3.0,-5.45,3.8,-3.05,-3.0,3.41,1.03,2.47,0.4,1.97
1998-06-01,-1.23,2.72,-6.97,1.92,6.89,3.21,-3.61,-2.03,-0.26,-3.03,0.41,8.05
1998-07-01,-6.8,0.9,-9.13,-9.81,-2.14,-2.42,-5.2,-1.83,1.64,0.76,0.4,3.79
1998-08-01,-10.04,-24.08,-16.56,-16.01,-13.15,-16.05,-4.97,3.57,3.35,5.78,0.43,1.87
1998-09-01,13.12,4.37,-8.72,-7.38,-0.43,6.19,-0.89,-3.51,-1.84,-2.84,0.46,-0.69
1998-10-01,1.1,8.82,2.83,17.84,12.36,6.98,-3.36,-2.33,0.88,0.18,0.32,-5.34
1998-11-01,0.5,5.64,8.68,0.56,11.04,6.07,0.76,-3.24,-0.92,-0.92,0.31,1.14
1998-12-01,-1.72,3.96,4.53,-17.35,10.51,6.15,-1.5,-4.25,-0.69,-3.26,0.38,8.88
1999-01-01,-5.59,-0.34,-7.15,1.08,3.32,3.47,-0.82,-4.46,-2.8,-6.41,0.35,2.85
1999-02-01,-3.59,-0.43,-8.59,4.79,-1.0,-4.08,-5.15,1.95,-1.23,4.08,0.35,-0.08
1999-03-01,14.71,1.8,-6.73,2.28,3.5,3.48,-4.37,-2.61,-4.05,-1.07,0.43,-1.21
1999-04-01,15.45,8.01,8.48,13.24,-0.51,4.34,4.52,2.4,-2.47,0.84,0.37,-8.92
1999-05-01,-2.67,-6.27,2.48,-4.75,-3.48,-2.46,3.75,2.49,0.95,3.18,0.34,-5.28
1999-06-01,-0.55,4.58,3.47,-1.15,9.06,4.77,2.34,-3.22,0.93,-2.91,0.4,4.66
1999-07-01,2.16,-5.64,-3.26,-6.65,-6.15,-3.49,2.54,-0.18,0.29,3.27,0.38,1.7
1999-08-01,1.6,-5.0,-8.68,-7.87,-6.3,-1.37,-1.67,-1.93,-0.24,0.72,0.39,2.93
1999-09-01,-3.69,-3.67,-13.54,-6.57,2.52,-2.77,2.48,-2.9,-0.96,-0.99,0.39,6.4
1999-10-01,-2.55,14.9,2.4,-11.33,5.97,6.09,-7.13,-2.88,-1.75,-0.87,0.39,5.41
1999-11-01,4.03,-5.67,2.15,7.84,4.06,3.41,5.69,-5.65,-4.18,-1.84,0.36,5.5
1999-12-01,-0.23,-5.19,2.55,-2.23,8.21,7.66,5.1,-7.66,-8.0,-5.87,0.44,13.15
2000-01-01,-1.29,-2.53,-7.59,-13.72,-14.29,-4.74,4.21,-1.12,-6.15,4.56,0.41,1.84
2000-02-01,-5.81,-11.31,-6.0,0.41,-4.16,2.45,18.46,-9.77,-18.95,-1.13,0.43,18.05
2000-03-01,13.76,15.09,5.21,7.83,14.41,5.21,-15.54,8.5,11.65,-1.2,0.47,-6.86
2000-04-01,-1.3,-2.85,6.37,0.13,-5.5,-6.35,-4.75,6.45,8.07,5.63,0.46,-8.59
2000-05-01,11.02,7.96,-3.96,1.12,-3.13,-4.39,-3.86,4.59,4.05,1.47,0.5,-8.93
2000-06-01,-6.17,-9.89,-8.93,-1.68,-1.98,4.68,9.95,-8.04,-8.31,-3.17,0.4,16.64
2000-07-01,-2.7,8.36,4.55,-9.9,-1.96,-2.48,-0.94,8.06,5.72,2.98,0.48,-0.18
2000-08-01,8.74,10.23,-3.37,1.98,-5.29,7.03,-0.95,-1.37,-3.06,1.21,0.5,5.61
2000-09-01,4.62,3.82,5.91,0.24,2.45,-5.44,0.27,7.24,2.7,5.54,0.51,1.89
2000-10-01,-2.84,-1.13,-2.79,6.82,-2.08,-2.78,-2.58,5.58,9.55,3.71,0.56,-4.51
2000-11-01,-2.55,-3.5,-0.82,-6.66,-0.23,-10.7,-0.35,12.24,13.05,8.35,0.51,-2.18
2000-12-01,7.38,9.75,5.78,2.56,4.33,1.18,3.26,7.55,1.92,4.82,0.5,6.62
2001-01-01,-3.43,1.87,8.89,9.81,9.76,3.25,5.23,-5.05,-5.2,-5.21,0.54,-25.36
2001-02-01,-0.13,-4.48,-2.5,4.98,-6.17,-10.03,2.87,12.23,9.12,9.01,0.38,12.68
2001-03-01,-0.19,-1.77,-4.35,-0.84,-2.0,-7.25,2.33,6.47,3.34,3.72,0.42,8.58
2001-04-01,10.02,2.82,5.25,-0.06,4.97,7.94,-0.88,-4.64,-3.18,-3.19,0.39,-7.96
2001-05-01,0.19,4.43,2.47,9.5,1.68,0.68,3.55,3.38,0.29,1.95,0.32,2.43
2001-06-01,-7.42,0.81,4.33,2.69,-2.61,-1.94,6.69,-1.26,1.57,-1.67,0.28,0.61
2001-07-01,-2.12,0.8,10.05,-3.16,5.43,-2.13,-2.86,4.95,7.29,2.9,0.3,5.47
2001-08-01,-3.57,-6.04,-3.62,1.53,-8.39,-6.4,2.54,2.86,3.81,6.53,0.31,5.49
2001-09-01,-6.12,-5.96,-15.55,-17.54,-9.77,-9.24,-5.74,1.52,5.03,3.35,0.28,11.4
2001-10-01,4.96,-1.72,5.67,14.75,3.44,2.48,5.34,-7.31,-2.98,-4.36,0.22,-8.4
2001-11-01,-4.12,6.28,7.24,5.15,13.05,7.53,-0.36,2.17,-3.49,-1.68,0.17,-8.62
2001-12-01,5.93,3.32,12.23,0.62,4.96,1.61,5.11,0.83,0.26,-0.28,0.15,0.05
2002-01-01,-2.79,-0.55,4.25,6.03,2.09,-1.44,1.28,3.42,4.73,2.83,0.14,3.66
2002-02-01,5.61,-1.38,5.72,-1.57,0.34,-2.28,-0.38,2.34,8.03,5.1,0.13,6.88
2002-03-01,7.64,7.97,0.72,8.53,1.53,4.24,4.15,1.08,-1.83,0.66,0.13,-1.66
2002-04-01,-4.55,-0.62,9.63,2.23,-2.21,-5.21,6.63,4.01,4.59,5.35,0.15,7.69
2002-05-01,-0.8,0.84,0.05,-2.72,-1.27,-1.36,-3.07,1.52,2.31,2.53,0.14,3.12
2002-06-01,0.06,-5.32,-5.23,-3.74,-5.12,-7.23,3.76,0.37,3.92,2.66,0.13,6.22
2002-07-01,-11.65,-7.36,-22.86,-10.85,-11.99,-8.19,-6.33,-3.51,3.84,-1.1,0.15,3.65
2002-08-01,0.58,3.26,-2.45,4.35,1.91,0.5,-1.28,3.01,1.37,-1.4,0.14,1.84
2002-09-01,-7.85,-11.04,-6.58,-10.75,-9.49,-10.34,3.05,1.26,3.29,-2.29,0.14,9.0
2002-10-01,3.14,8.06,3.93,1.65,6.46,7.84,-4.29,-3.76,-3.16,0.73,0.14,-5.47
2002-11-01,2.95,2.37,12.06,11.75,2.92,5.96,2.94,-1.16,-9.25,5.16,0.12,-16.45
2002-12-01,0.74,-3.37,-4.91,-6.59,-8.03,-5.76,0.55,2.11,6.32,-1.79,0.11,9.71
2003-01-01,-2.39,-0.53,-4.8,1.73,-5.1,-2.57,0.71,-0.79,-0.93,0.69,0.1,1.53
2003-02-01,1.85,-2.11,-4.16,2.58,-0.52,-1.88,-0.87,-1.36,0.79,-0.68,0.09,1.21
2003-03-01,1.54,-0.97,-1.47,3.65,5.51,1.09,0.77,-2.11,1.68,-0.81,0.1,1.42
2003-04-01,-0.5,11.21,12.64,4.32,9.73,8.18,1.14,1.22,-4.68,0.98,0.1,-9.32
2003-05-01,8.5,5.81,3.86,2.45,2.52,6.05,4.78,0.7,-6.94,3.07,0.09,-10.72
2003-06-01,-0.99,0.95,-2.39,-2.52,2.8,1.42,1.65,0.14,0.44,-0.4,0.1,-1.24
2003-07-01,-2.52,3.64,13.66,4.28,4.33,2.33,4.4,-1.53,-3.89,1.52,0.07,-0.28
2003-08-01,6.18,-0.37,6.67,3.37,7.91,2.33,2.37,1.64,-2.29,2.15,0.07,-0.58
2003-09-01,-2.18,1.22,-3.43,-0.83,-5.8,-1.24,0.57,0.14,0.9,0.41,0.08,-0.07
2003-10-01,1.56,7.53,3.41,12.1,9.85,6.08,2.63,2.21,-1.38,1.65,0.07,4.0
2003-11-01,0.64,0.87,-0.82,1.67,-0.45,1.35,2.31,1.72,0.21,1.68,0.07,1.37
2003-12-01,13.47,3.31,1.09,-0.26,-3.17,4.29,-2.51,1.51,0.57,0.85,0.08,-5.53
2004-01-01,0.31,2.6,1.33,-0.06,-0.2,2.15,2.46,2.42,-3.6,3.33,0.07,2.56
2004-02-01,4.52,2.18,10.5,3.73,6.72,1.4,-0.92,0.95,2.13,-1.17,0.06,-1.18
2004-03-01,-0.06,-0.38,-2.11,-3.06,-0.11,-1.32,2.11,0.23,1.65,-0.98,0.09,0.2
2004-04-01,2.66,-5.4,-3.8,-6.26,-3.21,-1.82,-2.06,-3.23,3.46,-2.83,0.08,-5.37
2004-05-01,0.48,2.54,-4.6,2.94,0.74,1.18,-0.4,-0.18,-1.17,0.01,0.06,1.49
2004-06-01,5.36,0.71,2.79,3.31,-0.34,1.86,2.52,1.21,1.12,-0.31,0.08,2.06
2004-07-01,3.4,-1.12,-1.78,-5.63,-3.47,-4.04,-2.92,3.22,5.21,-1.68,0.1,-2.24
2004-08-01,-1.33,4.04,1.21,1.28,-0.81,0.08,-1.18,1.09,1.21,-1.35,0.11,-1.56
2004-09-01,8.82,-0.65,3.52,8.13,2.89,1.6,3.22,-0.07,-1.49,-1.72,0.11,5.5
2004-10-01,0.65,2.29,6.33,0.28,3.31,1.42,0.16,-0.25,-0.53,0.41,0.11,-1.49
2004-11-01,6.31,2.94,5.07,6.64,2.47,4.53,4.12,1.57,-0.52,-0.18,0.15,3.11
2004-12-01,-2.31,3.53,4.2,4.84,3.07,3.41,-0.04,-0.22,-1.07,0.39,0.16,-2.85
2005-01-01,2.99,-3.02,-3.32,-2.18,-0.94,-2.75,-1.11,2.05,2.8,-1.41,0.16,3.12
2005-02-01,19.57,-1.53,0.81,0.02,0.07,1.88,-0.3,1.41,1.32,-0.21,0.16,3.43
2005-03-01,-3.44,-3.15,-6.42,-6.44,0.71,-1.93,-1.41,2.07,0.44,1.34,0.21,0.43
2005-04-01,-5.58,0.39,-5.93,-11.48,-5.66,-2.6,-3.97,0.05,0.97,-0.85,0.21,-0.7
2005-05-01,1.95,2.49,5.9,3.28,6.67,3.65,2.76,-0.59,-1.02,0.28,0.24,0.37
2005-06-01,5.75,0.92,1.65,1.88,3.04,0.58,3.26,2.8,0.87,-0.52,0.23,2.08
2005-07-01,5.54,0.52,2.81,2.99,6.03,3.92,2.76,-0.78,-1.19,-0.78,0.24,0.05
2005-08-01,5.73,-1.71,-2.2,2.73,-6.6,-1.2,-0.94,1.34,-1.96,0.38,0.3,2.05
2005-09-01,7.2,-1.47,-4.57,-3.59,-2.2,0.48,-0.31,0.78,0.26,-0.61,0.29,3.46
2005-10-01,-10.17,2.84,-4.07,-7.17,2.19,-2.04,-1.5,0.43,-0.7,-1.26,0.27,-1.27
2005-11-01,1.02,4.44,5.19,6.28,3.68,3.61,0.9,-1.19,-0.79,-1.09,0.31,0.29
2005-12-01,0.41,0.34,0.9,-1.13,-1.06,-0.24,-0.25,0.15,0.18,0.2,0.32,0.8
2006-01-01,12.48,0.54,-3.05,6.97,0.7,3.03,5.83,0.99,-0.66,-0.35,0.35,2.53
2006-02-01,-8.14,2.01,3.41,1.02,1.28,-0.3,-0.46,-0.31,-0.54,1.98,0.34,-1.82
2006-03-01,3.95,0.3,-2.01,4.15,2.23,1.47,3.34,0.61,0.03,-0.44,0.37,1.27
2006-04-01,4.05,5.12,1.15,-7.69,-1.35,0.73,-0.79,2.26,1.74,-0.13,0.36,0.61
2006-05-01,-3.53,-2.68,1.37,-2.45,-1.4,-3.56,-2.9,2.38,0.87,1.53,0.43,-3.67
2006-06-01,3.06,-0.7,1.47,1.23,0.47,-0.34,-0.24,0.85,1.32,-0.13,0.4,1.55
2006-07-01,5.68,2.18,-3.12,-3.87,-4.74,-0.77,-3.6,2.62,1.63,0.84,0.4,-2.05
2006-08-01,-3.05,0.84,1.37,3.74,2.38,2.03,0.45,-1.95,-1.81,2.14,0.42,-3.37
2006-09-01,-3.51,2.93,1.92,5.08,6.31,1.84,-1.39,0.06,0.78,0.46,0.41,-0.98
2006-10-01,4.98,1.33,0.26,12.69,3.17,3.22,1.98,-0.33,-0.11,0.32,0.41,-0.24
2006-11-01,8.65,-0.05,3.67,0.96,-2.26,1.7,0.63,0.03,0.2,-0.8,0.42,-1.01
2006-12-01,-1.67,4.15,-1.47,-1.29,1.76,0.85,-0.81,2.75,-0.65,1.88,0.4,0.79
2007-01-01,-1.4,-0.26,7.65,1.51,3.96,1.38,0.02,-0.68,0.19,0.4,0.44,0.25
2007-02-01,-2.21,-2.77,5.07,2.68,-0.45,-1.96,1.33,-0.08,-0.52,-0.66,0.38,-1.31
2007-03-01,5.99,-1.13,-3.82,0.4,0.42,0.71,0.14,-0.88,0.55,-0.67,0.43,2.59
2007-04-01,4.92,2.81,8.54,9.41,2.15,3.49,-2.08,-1.45,1.18,1.01,0.44,-0.21
2007-05-01,6.99,2.07,9.74,-0.31,1.96,3.24,0.33,-0.58,1.47,-1.26,0.41,-0.34
2007-06-01,1.11,-3.79,0.09,-4.95,-1.77,-1.96,0.7,-1.05,0.49,0.06,0.4,0.47
2007-07-01,-0.78,-7.37,-3.75,-7.05,-5.54,-3.72,-3.05,-3.68,0.26,-1.16,0.4,2.94
2007-08-01,0.26,2.88,-2.65,-4.14,1.31,0.94,-0.33,-1.87,-1.27,-0.57,0.42,-0.02
2007-09-01,7.71,0.13,-5.33,-4.75,-1.77,3.22,-2.44,-2.17,-0.49,-2.94,0.32,4.44
2007-10-01,2.41,-3.72,5.54,-2.91,-0.12,1.79,-0.03,-2.87,-0.33,0.06,0.32,4.98
2007-11-01,-4.56,-8.3,-6.04,-7.4,-2.79,-4.8,-2.91,-1.09,1.75,-0.36,0.34,1.09
2007-12-01,7.52,-7.75,-6.13,-4.78,-3.05,-0.87,0.18,-0.51,0.9,-1.07,0.27,6.57
2008-01-01,-9.29,3.97,1.37,-4.07,1.6,-6.32,-0.63,4.0,2.12,2.06,0.21,-7.78
2008-02-01,6.88,-12.06,-1.82,-8.02,-5.83,-3.09,-0.64,-0.72,1.07,-0.97,0.13,6.13
2008-03-01,-2.73,-1.64,-0.81,3.3,2.54,-0.94,0.59,0.31,0.89,0.47,0.17,4.25
2008-04-01,10.29,5.56,8.19,5.25,5.68,4.61,-1.16,-0.96,1.81,-2.56,0.18,-0.31
2008-05-01,3.59,-6.32,-2.29,3.96,0.39,1.87,3.04,-1.5,0.92,0.14,0.18,3.38
2008-06-01,2.03,-20.91,-15.11,-10.03,-8.17,-8.43,1.16,-2.51,4.98,-0.69,0.17,12.73
2008-07-01,-15.28,11.93,-10.41,9.72,0.76,-0.75,3.71,5.2,-1.36,0.99,0.15,-5.02
2008-08-01,0.26,-0.18,14.45,-3.75,6.15,1.53,3.28,1.52,1.83,0.66,0.13,-4.5
2008-09-01,-10.93,3.12,-5.31,-5.23,-5.19,-9.35,0.38,5.66,2.4,1.7,0.15,0.78
2008-10-01,-16.38,-15.25,-28.09,-23.26,-14.53,-17.2,-3.06,-1.89,2.73,1.38,0.08,7.84
2008-11-01,0.94,-17.17,-27.93,-11.61,-7.58,-7.74,-4.0,-6.21,4.67,2.39,0.03,7.26
2008-12-01,-2.4,-4.32,13.08,13.0,3.54,1.77,3.33,0.05,0.03,-1.52,0.0,-5.08
2009-01-01,-3.64,-27.33,-25.21,-14.11,-8.65,-8.09,-2.09,-11.02,0.0,-1.16,0.0,-2.16
2009-02-01,-12.66,-16.24,-28.67,-14.21,-1.21,-10.14,-1.17,-6.6,1.01,-0.62,0.01,4.34
2009-03-01,4.04,15.43,29.81,5.26,11.34,9.01,0.59,3.48,-2.58,-2.0,0.02,-11.8
2009-04-01,4.32,19.91,59.18,23.11,9.4,10.17,7.14,5.38,1.34,0.5,0.01,-34.36
2009-05-01,9.94,10.35,-7.06,2.66,-2.97,5.2,-2.24,0.41,-0.81,-1.99,0.0,-12.54
2009-06-01,-4.58,-3.18,-7.78,-2.29,0.0,0.42,2.27,-2.76,-1.41,-0.37,0.01,5.4
2009-07-01,5.08,8.85,36.16,10.91,7.24,7.74,2.31,4.89,-0.26,3.08,0.01,-5.61
2009-08-01,0.77,12.18,1.65,4.92,3.88,3.33,-0.1,7.6,-2.85,3.3,0.01,-9.11
2009-09-01,4.81,0.02,1.16,3.96,2.11,4.08,2.72,1.15,1.15,0.34,0.01,-4.83
2009-10-01,2.55,-5.76,-6.63,1.73,0.87,-2.55,-4.85,-4.17,4.22,-1.48,0.0,2.58
2009-11-01,3.0,5.56,3.01,4.22,4.58,5.58,-2.76,-0.33,0.9,0.0,0.0,0.39
2009-12-01,-0.77,-1.1,11.02,3.65,1.32,2.74,6.14,-0.11,0.71,-0.09,0.01,2.97
2010-01-01,-4.76,1.19,-8.48,-2.17,-1.92,-3.35,0.4,0.33,-1.08,0.51,0.0,-5.31
2010-02-01,2.31,2.19,15.71,14.24,4.32,3.39,1.49,3.18,-0.29,1.42,0.0,3.7
2010-03-01,3.24,8.49,8.04,6.44,6.18,6.3,1.83,2.19,-0.61,1.74,0.01,3.58
2010-04-01,4.3,3.04,11.42,-0.94,1.83,2.0,4.96,2.96,0.61,1.75,0.01,3.19
2010-05-01,-10.06,-10.7,-9.75,-5.51,-5.85,-7.9,0.08,-2.48,1.3,-0.24,0.01,-0.18
2010-06-01,-6.16,-7.36,-14.61,-3.93,-10.6,-5.57,-2.42,-4.73,-0.1,-1.58,0.01,-2.7
2010-07-01,7.45,5.83,6.49,2.07,4.65,6.92,0.04,-0.5,0.17,2.02,0.01,1.77
2010-08-01,-3.33,-10.39,-5.53,-2.31,-4.19,-4.77,-3.06,-1.73,0.6,-1.6,0.01,-0.06
2010-09-01,9.04,6.28,13.36,10.71,13.64,9.55,3.65,-3.02,-0.19,0.38,0.01,1.35
2010-10-01,4.48,0.01,3.22,2.14,1.31,3.87,0.73,-2.46,1.28,-0.38,0.01,1.5
2010-11-01,5.14,0.07,-1.27,9.15,4.97,0.59,3.54,-0.9,0.32,1.79,0.01,2.71
2010-12-01,9.18,12.42,4.13,1.93,3.46,6.82,0.97,3.56,-3.42,3.17,0.01,-3.0
2011-01-01,7.18,2.58,-3.75,-6.55,-1.27,1.98,-2.31,0.61,-0.64,0.81,0.01,-0.3
2011-02-01,7.97,1.51,7.13,6.51,1.4,3.48,1.65,1.18,-1.83,0.84,0.01,1.89
2011-03-01,1.82,-1.92,4.43,1.57,0.51,0.46,2.56,-1.84,1.73,-0.07,0.01,3.42
2011-04-01,1.78,-0.62,4.95,4.27,5.17,2.9,-0.53,-2.44,1.12,-0.86,0.0,0.06
2011-05-01,-4.46,-2.83,2.79,-0.85,0.2,-1.27,-0.72,-1.85,1.92,-1.43,0.0,-0.58
2011-06-01,-2.16,-2.23,-6.46,-0.62,-1.37,-1.74,0.06,-0.2,2.27,-1.42,0.0,1.82
2011-07-01,0.48,-3.62,-6.24,-5.07,-0.08,-2.35,-1.11,-0.91,2.68,-1.73,0.0,0.17
2011-08-01,-9.57,-9.33,-6.96,-3.02,-3.33,-5.96,-3.09,-2.43,3.41,-0.26,0.01,-0.26
2011-09-01,-11.67,-11.68,-14.35,-9.44,-2.85,-7.57,-3.49,-1.53,1.99,0.15,0.0,-2.36
2011-10-01,15.94,13.25,14.29,16.27,9.08,11.34,3.25,0.06,-2.25,-0.73,0.0,-1.45
2011-11-01,2.39,-4.07,-1.07,-0.69,0.82,-0.27,-0.3,-0.52,1.94,1.44,0.0,3.85
2011-12-01,-0.01,3.13,0.81,-6.48,0.33,0.75,-0.29,1.54,1.06,2.47,0.0,1.83
2012-01-01,1.0,7.72,7.03,11.08,4.02,5.05,2.02,-0.93,-2.06,-1.48,0.0,-8.01
2012-02-01,6.7,7.09,5.84,6.24,3.46,4.4,-1.67,0.42,-0.36,-0.08,0.0,-0.26
2012-03-01,-3.08,9.35,4.51,2.95,5.24,3.11,-0.48,1.19,-0.61,0.7,0.0,1.32
2012-04-01,-1.64,-2.36,-0.15,1.02,1.32,-0.84,-0.5,-0.77,1.3,0.66,0.0,3.78
2012-05-01,-10.31,-9.48,-2.6,-7.83,-2.06,-6.17,-0.08,-0.95,2.03,2.36,0.01,6.45
2012-06-01,5.84,5.23,2.2,1.27,3.06,3.9,0.89,0.55,-1.06,0.45,0.0,-1.11
2012-07-01,3.07,-0.06,-0.75,6.26,2.32,0.79,-2.81,-0.06,1.04,0.01,0.0,3.0
2012-08-01,2.39,3.1,8.07,3.41,3.46,2.54,0.44,1.23,-1.5,-0.86,0.01,-2.34
2012-09-01,3.84,4.59,5.37,0.12,1.8,2.73,0.57,1.62,-1.3,1.56,0.01,-1.14
2012-10-01,-2.2,1.38,4.73,-0.95,-0.96,-1.76,-0.83,3.52,-1.4,2.52,0.01,0.07
2012-11-01,-1.33,-0.65,4.06,2.07,1.08,0.78,0.4,-0.86,0.38,0.81,0.01,0.53
2012-12-01,1.22,5.29,3.53,-1.16,-2.2,1.18,1.92,3.48,-1.72,0.8,0.01,-2.93
2013-01-01,7.66,4.4,9.2,2.7,5.36,5.57,0.42,1.01,-2.01,1.52,0.0,-1.77
2013-02-01,0.8,1.26,5.65,5.87,0.56,1.29,-0.25,0.21,-0.59,0.61,0.0,1.24
2013-03-01,2.09,4.44,8.91,7.42,4.79,4.03,0.88,-0.22,0.27,1.41,0.0,1.91
2013-04-01,-1.33,1.25,1.0,4.42,3.26,1.56,-2.24,0.44,0.39,0.43,0.0,0.19
2013-05-01,3.07,8.19,0.71,0.63,2.39,2.81,2.04,2.67,-2.0,-0.95,0.0,-2.01
2013-06-01,-2.11,-0.64,2.28,1.56,-0.39,-1.2,1.54,-0.05,-0.28,-0.06,0.0,0.58
2013-07-01,5.11,6.53,11.91,-1.04,6.41,5.65,1.75,0.58,-1.35,0.57,0.0,1.75
2013-08-01,-1.97,-4.71,-3.4,-1.37,-4.92,-2.71,-0.03,-2.73,0.71,-2.17,0.0,0.05
2013-09-01,1.95,2.48,8.48,3.67,4.41,3.77,2.65,-1.18,-0.54,-1.32,0.0,3.04
2013-10-01,4.73,2.93,4.42,9.86,5.41,4.17,-1.5,1.22,2.75,0.89,0.0,0.07
2013-11-01,0.92,6.45,4.27,3.24,3.76,3.12,1.44,0.19,0.26,0.06,0.0,0.36
2013-12-01,2.96,2.72,3.72,2.34,0.05,2.8,-0.44,0.0,-0.58,0.08,0.0,0.02
2014-01-01,-6.89,-3.49,-2.72,-8.62,-7.64,-3.3,0.6,-1.99,-3.91,-1.54,0.0,1.64
2014-02-01,5.7,2.99,0.84,3.42,5.78,4.68,0.13,-0.35,-0.25,-0.54,0.0,2.16
2014-03-01,2.5,3.12,-0.15,4.48,-1.24,0.41,-1.13,4.9,2.02,1.92,0.0,-3.27
2014-04-01,5.64,-4.63,0.42,-1.13,-0.82,-0.19,-4.07,1.22,3.4,0.93,0.0,-3.89
2014-05-01,0.97,1.67,2.76,-1.06,0.25,2.04,-1.86,-0.1,-0.09,-0.96,0.0,0.88
2014-06-01,4.13,2.77,7.75,0.67,0.98,2.61,3.06,-0.71,-1.83,-1.91,0.0,0.65
2014-07-01,-3.46,-1.69,-5.72,-5.72,-1.44,-2.03,-4.2,-0.08,0.93,0.51,0.0,-0.2
2014-08-01,2.3,2.61,10.18,2.83,5.73,4.24,0.29,-0.57,-0.64,-0.69,0.0,0.84
2014-09-01,-7.77,0.09,-2.35,-7.96,-1.36,-1.96,-3.66,-1.47,1.2,-0.59,0.0,0.64
2014-10-01,-4.22,3.6,2.03,4.45,2.83,2.51,3.66,-1.63,-0.39,0.21,0.0,-0.27
2014-11-01,-9.73,1.55,7.58,2.33,8.86,2.56,-2.3,-3.13,1.57,0.14,0.0,0.69
2014-12-01,0.72,1.97,-0.31,-2.68,2.24,-0.05,2.83,2.12,-1.21,0.9,0.0,1.05
2015-01-01,-4.21,-9.43,2.07,-0.13,-0.42,-3.09,-0.93,-3.45,1.58,-1.64,0.0,3.72
2015-02-01,4.64,7.98,13.37,5.41,5.79,6.14,0.36,-1.79,-1.1,-1.75,0.0,-2.87
2015-03-01,-2.37,-0.74,3.32,-4.17,0.92,-1.09,3.08,-0.38,0.07,-0.62,0.0,2.72
2015-04-01,6.63,2.07,-5.96,9.23,-2.74,0.6,-3.01,1.8,0.05,-0.62,0.0,-7.26
2015-05-01,-5.05,2.66,4.38,-3.7,0.75,1.38,0.82,-1.11,-1.76,-0.83,0.0,5.76
2015-06-01,-3.65,1.78,4.1,0.5,-0.55,-1.54,2.9,-0.82,0.35,-1.54,0.0,3.01
2015-07-01,-8.9,2.56,-0.7,-3.77,6.24,1.57,-4.58,-4.16,0.31,-2.44,0.0,10.04
2015-08-01,-3.72,-6.37,-3.07,-4.79,-5.38,-6.02,0.29,2.75,0.66,1.29,0.0,-2.15
2015-09-01,-5.56,-3.24,-5.9,-5.43,-2.11,-3.06,-2.8,0.55,1.8,-0.59,0.0,5.26
2015-10-01,12.38,5.49,7.89,11.82,4.94,7.75,-2.06,-0.47,0.95,0.61,0.0,-3.29
2015-11-01,1.04,3.06,-2.61,-2.22,0.9,0.57,3.3,-0.43,-2.65,-1.06,0.0,2.3
2015-12-01,-9.66,-3.2,-2.62,-2.41,0.45,-2.15,-2.95,-2.57,0.34,0.12,0.01,3.33
2016-01-01,-4.36,-10.91,-5.31,-1.76,-4.95,-5.74,-3.44,2.08,2.78,3.05,0.01,1.48
2016-02-01,-3.03,-4.49,0.65,8.17,-0.35,-0.07,0.87,-0.61,3.31,1.94,0.02,-4.36
2016-03-01,10.86,6.28,3.6,6.94,5.77,6.95,1.0,1.22,0.68,0.01,0.02,-5.04
2016-04-01,9.16,6.0,1.54,-3.52,-0.24,0.91,1.23,3.22,-2.85,1.77,0.01,-5.99
2016-05-01,-0.61,1.94,-1.68,3.36,1.18,1.78,-0.62,-1.62,-1.1,-2.54,0.01,1.39
2016-06-01,2.55,-7.18,-4.67,-3.1,0.6,-0.03,0.42,-1.49,1.45,1.9,0.02,4.14
2016-07-01,-2.81,4.81,9.76,4.74,4.32,3.94,2.47,-1.24,1.31,-1.16,0.02,-3.38
2016-08-01,1.64,6.25,1.66,1.58,-1.57,0.49,1.66,3.17,-1.85,-0.36,0.02,-3.46
2016-09-01,2.82,-2.3,-4.88,-3.98,-0.05,0.27,1.81,-1.19,-2.18,0.03,0.02,0.23
2016-10-01,-2.97,3.38,-7.38,0.79,-3.76,-2.01,-4.02,4.11,0.99,0.25,0.02,0.62
2016-11-01,9.56,13.82,7.92,9.03,2.72,4.85,6.96,8.29,-0.24,3.71,0.01,-4.74
2016-12-01,2.04,4.91,1.71,-7.35,-0.8,1.81,0.44,3.47,1.24,-0.32,0.03,-0.26
2017-01-01,-4.3,0.17,5.63,0.38,1.08,1.94,-1.44,-2.76,-0.51,-1.06,0.04,-0.92
2017-02-01,-2.42,5.2,4.08,5.96,2.96,3.55,-2.3,-1.5,0.45,-1.8,0.04,-1.53
2017-03-01,-1.24,-2.94,1.29,1.56,0.81,0.17,0.75,-3.33,0.63,-0.95,0.03,-0.96
2017-04-01,-2.69,-0.7,2.57,-4.23,3.33,1.08,0.41,-2.05,1.79,-1.6,0.05,0.51
2017-05-01,-3.39,-2.18,1.77,4.55,0.62,1.07,-2.99,-3.82,0.99,-1.66,0.06,1.49
2017-06-01,-0.12,6.82,1.51,1.74,-2.38,0.78,2.52,1.5,-2.26,0.04,0.06,-0.11
2017-07-01,1.96,1.03,2.24,-5.04,1.04,1.88,-1.64,-0.23,-0.75,-0.15,0.07,1.64
2017-08-01,-5.18,-1.49,1.27,-9.65,-1.66,0.18,-1.83,-2.13,0.2,-2.38,0.09,3.36
2017-09-01,11.05,6.32,0.04,-0.24,2.84,2.49,4.76,3.15,-1.54,1.63,0.09,-1.34
2017-10-01,0.41,3.2,5.42,-5.35,3.27,2.25,-1.91,0.13,0.92,-3.14,0.09,4.24
2017-11-01,2.92,2.96,7.55,7.25,9.04,3.12,-0.38,-0.09,3.19,-0.1,0.08,-0.91
2017-12-01,4.98,1.88,-2.22,-5.66,2.63,1.06,-1.05,0.05,0.73,1.79,0.09,-1.57
2018-01-01,2.8,7.28,1.6,3.8,11.55,5.58,-3.21,-1.32,-0.75,-1.05,0.11,4.06
2018-02-01,-10.94,-2.17,-12.48,0.67,-4.45,-3.64,0.34,-1.1,0.53,-2.36,0.11,3.6
2018-03-01,3.18,-4.64,-2.16,-9.24,-3.3,-2.35,3.61,-0.21,-0.41,0.08,0.12,-1.21
2018-04-01,10.09,0.99,-9.58,6.44,4.11,0.29,0.89,0.53,-2.42,1.24,0.14,0.45
2018-05-01,3.34,1.05,-1.42,0.83,1.29,2.63,4.71,-3.14,-1.98,-1.49,0.14,3.91
2018-06-01,0.47,-0.93,3.42,5.7,4.16,0.49,0.77,-2.33,0.83,0.2,0.14,-2.29
2018-07-01,1.09,4.39,-9.08,4.35,3.4,3.2,-1.93,0.49,1.53,0.31,0.16,-1.43
2018-08-01,-2.89,2.66,3.64,6.05,9.07,3.46,0.65,-3.91,-0.29,-2.57,0.16,5.33
2018-09-01,3.47,-2.96,-6.51,6.1,0.51,0.06,-2.49,-1.62,0.65,1.36,0.15,-0.1
2018-10-01,-11.77,-6.09,-25.99,-14.31,-10.29,-7.64,-4.38,3.38,1.03,3.6,0.19,-2.0
2018-11-01,-2.16,2.93,2.91,-5.8,1.85,1.71,-0.81,0.36,-0.61,0.4,0.18,-1.42
2018-12-01,-13.17,-12.95,-10.02,-15.89,-9.12,-9.55,-2.81,-1.92,-0.03,0.24,0.19,1.75
2019-01-01,10.33,10.65,9.7,15.34,8.99,8.36,2.91,-0.39,-0.73,-1.65,0.21,-8.64
2019-02-01,2.45,4.38,6.73,8.23,-0.04,3.42,1.72,-2.66,0.16,-1.54,0.18,0.76
2019-03-01,2.06,-2.88,-7.76,-3.27,3.9,1.1,-3.52,-4.14,0.88,-0.9,0.19,2.27
2019-04-01,0.11,8.74,6.84,8.57,4.95,3.97,-1.15,2.13,1.61,-2.18,0.21,-2.91
2019-05-01,-11.93,-7.44,-2.34,-1.33,-7.0,-6.92,-1.56,-2.45,-0.48,1.76,0.21,7.56
2019-06-01,8.9,6.98,9.72,9.29,7.22,6.99,0.19,-0.64,0.45,-0.55,0.18,-2.26
2019-07-01,-2.62,3.63,-11.15,13.82,0.56,1.22,-1.82,0.5,-0.13,0.37,0.19,2.93
2019-08-01,-8.53,-5.09,-5.47,1.88,-0.1,-2.55,-3.25,-4.77,0.53,-0.62,0.16,7.47
2019-09-01,3.79,3.95,7.37,-6.32,0.82,1.42,0.29,6.76,1.82,3.38,0.18,-6.74
2019-10-01,-2.09,3.71,10.8,5.52,1.51,2.07,0.25,-1.92,0.43,-1.03,0.15,0.13
2019-11-01,1.15,5.04,-2.26,4.12,2.06,3.87,0.39,-2.0,-1.64,-1.14,0.12,-2.61
2019-12-01,6.28,3.22,-3.37,-1.02,1.21,2.76,0.99,1.73,0.05,1.19,0.14,-2.24
2020-01-01,-11.89,-3.7,-4.55,-3.37,1.14,-0.09,-4.37,-6.22,-1.19,-2.19,0.13,6.02
2020-02-01,-15.53,-11.51,-8.15,-17.11,-6.03,-8.15,0.08,-3.82,-1.43,-2.53,0.12,-0.25
2020-03-01,-34.65,-23.92,-36.02,-18.85,-4.5,-13.35,-8.18,-13.83,-1.61,1.19,0.12,8.2
2020-04-01,32.84,11.44,13.19,18.03,18.79,13.58,2.57,-1.34,2.76,-1.02,0.0,-5.61
2020-05-01,0.56,2.82,8.04,1.58,4.28,5.59,1.92,-5.0,0.96,-3.16,0.01,0.15
2020-06-01,-0.37,-0.25,5.79,9.14,5.58,2.44,1.95,-2.17,0.14,0.55,0.01,-0.87
2020-07-01,-4.86,0.78,-18.95,15.05,10.36,5.83,-3.19,-1.44,0.38,0.97,0.01,7.7
2020-08-01,-1.27,6.43,12.55,7.51,8.02,7.62,-0.89,-3.02,4.27,-1.51,0.01,0.43
2020-09-01,-15.16,-5.03,2.62,10.98,-4.55,-3.64,-0.01,-2.72,-1.38,-1.93,0.01,3.18
2020-10-01,-4.47,-1.32,5.23,6.66,-3.06,-2.08,4.67,4.25,-0.77,-0.57,0.01,-3.1
2020-11-01,28.72,18.31,24.05,21.06,7.47,12.44,7.12,2.09,-2.25,1.28,0.01,-12.6
2020-12-01,5.6,7.69,11.77,15.9,0.94,4.63,4.93,-1.68,-1.97,-0.06,0.01,-2.26
2021-01-01,5.18,-3.07,1.27,5.75,0.71,-0.07,6.81,3.22,-3.65,4.97,0.0,4.34
2021-02-01,23.96,14.42,19.97,-2.47,-3.18,2.81,4.5,7.2,0.33,-1.99,0.0,-7.99
2021-03-01,2.24,5.06,8.33,-7.8,5.6,3.16,-0.84,7.35,6.35,3.52,0.0,-6.1
2021-04-01,0.59,5.92,6.31,1.51,7.41,4.97,-3.16,-1.02,2.43,-2.72,0.0,1.22
2021-05-01,6.17,2.91,3.17,3.81,-2.73,0.29,1.27,7.04,2.34,3.01,0.0,0.56
2021-06-01,5.6,-3.1,-7.34,12.69,3.84,2.73,-0.3,-7.86,-2.14,-0.93,0.0,2.07
2021-07-01,-8.89,-0.43,0.09,-3.8,-0.79,1.34,-4.55,-1.79,5.5,-0.59,0.0,-2.18
2021-08-01,-1.34,2.03,-0.32,-10.28,3.01,2.95,-0.66,-0.23,-0.26,-1.72,0.0,2.63
2021-09-01,11.27,0.99,-8.04,-10.02,-4.54,-4.4,1.12,5.12,-1.92,2.0,0.0,1.43
2021-10-01,10.29,4.03,0.59,3.66,5.69,6.63,-2.7,-0.53,1.71,-1.54,0.0,3.31
2021-11-01,-5.38,-6.26,-4.39,-18.06,2.14,-1.58,-1.7,-0.37,7.19,1.7,0.0,0.96
2021-12-01,2.92,3.17,8.7,-2.21,-0.11,3.24,-0.78,3.25,4.88,4.29,0.01,-2.4
2022-01-01,17.83,1.88,-12.35,-18.32,-9.01,-6.15,-4.01,12.86,0.77,7.73,0.0,-2.43
2022-02-01,8.24,-1.87,-7.34,-2.15,-1.78,-2.28,2.86,3.06,-2.03,3.03,0.0,1.62
2022-03-01,9.74,-4.9,-9.07,-8.97,3.46,3.08,-2.11,-1.9,-1.5,3.21,0.0,2.92
2022-04-01,-1.4,-8.5,6.74,-11.4,-11.24,-9.41,-0.35,6.18,3.41,5.92,0.0,4.98
2022-05-01,15.83,3.59,2.35,-1.2,-5.61,-0.33,-0.03,8.44,1.55,3.95,0.03,2.52
2022-06-01,-16.66,-12.49,-11.22,-11.5,-8.63,-8.4,1.33,-6.0,1.76,-4.58,0.06,1.06
2022-07-01,10.43,8.57,6.9,2.98,16.41,9.57,1.78,-4.15,0.77,-6.85,0.08,-4.41
2022-08-01,3.3,-3.26,-12.2,-5.35,-3.44,-3.77,1.48,0.18,-4.74,1.32,0.19,1.89
2022-09-01,-9.29,-9.09,-15.53,-15.69,-7.68,-9.34,-0.98,0.03,-1.33,-0.77,0.19,3.71
2022-10-01,23.92,13.4,8.43,3.93,2.0,7.86,1.81,7.97,3.27,6.43,0.23,3.94
2022-11-01,0.88,5.19,6.99,5.09,2.85,4.69,-2.75,1.48,6.29,3.15,0.29,-1.71
2022-12-01,-4.12,-6.48,-0.92,-10.23,-8.92,-6.38,-0.2,1.34,0.34,4.28,0.33,4.94
2023-01-01,2.72,9.36,15.89,16.49,10.94,6.6,4.4,-3.94,-2.44,-4.43,0.35,-16.21
2023-02-01,-7.04,-1.89,-12.88,-3.81,-5.54,-2.57,0.57,-0.8,0.99,-1.51,0.34,0.52
2023-03-01,-0.29,-11.89,-5.77,-0.83,3.55,2.49,-6.89,-9.05,2.27,-2.1,0.36,-2.38
2023-04-01,2.69,1.74,4.18,-2.93,1.83,0.63,-2.57,-0.12,2.41,2.85,0.35,1.75
2023-05-01,-9.55,-3.96,-11.37,-8.91,1.95,0.33,-0.43,-7.79,-1.78,-7.08,0.36,-0.88
2023-06-01,6.34,7.06,12.18,10.91,7.85,6.46,1.28,-0.13,2.31,-1.54,0.4,-2.71
2023-07-01,7.45,7.18,3.46,6.96,3.19,3.21,2.86,4.06,-0.59,0.66,0.45,-3.99
2023-08-01,2.02,-5.1,-3.92,-0.92,0.48,-2.36,-3.64,-1.15,3.33,-2.37,0.45,3.9
2023-09-01,2.98,-3.93,-11.92,-7.4,-6.13,-5.23,-1.77,1.5,1.85,-0.75,0.43,0.25
2023-10-01,-6.1,-2.91,-6.24,-14.38,0.65,-3.15,-4.03,0.2,2.41,-0.72,0.47,1.69
2023-11-01,-1.59,13.17,8.43,5.91,6.95,8.88,-0.21,1.67,-3.73,-1.08,0.44,2.59
2023-12-01,0.01,9.69,16.65,10.22,6.38,4.85,7.25,4.89,-2.94,1.26,0.43,-5.5
2024-01-01,-0.21,1.57,-2.54,-6.13,1.34,0.73,-5.7,-2.38,0.64,-0.95,0.47,5.46
2024-02-01,3.14,4.05,12.11,3.68,10.84,5.07,-0.84,-3.43,-2.03,-2.21,0.42,5.01
2024-03-01,10.44,5.39,7.23,2.03,2.7,2.84,-1.2,4.16,1.32,1.14,0.43,-0.32
2024-04-01,-0.64,-3.9,-12.15,-3.25,-5.07,-4.65,-2.6,-0.45,1.15,-0.34,0.47,-0.43
2024-05-01,-0.62,2.95,6.71,0.61,3.67,4.32,0.57,-1.31,3.21,-2.9,0.44,1.45
2024-06-01,-2.06,-0.61,-6.19,-3.5,5.09,2.8,-4.32,-3.36,0.56,-1.79,0.41,0.86
2024-07-01,1.96,7.48,31.61,8.48,-0.13,1.22,8.33,5.57,0.26,0.27,0.45,-2.36
2024-08-01,-2.93,2.22,-1.7,-2.08,0.76,1.61,-3.57,-1.13,0.75,0.79,0.48,4.86
2024-09-01,-3.34,-2.0,1.62,3.37,4.09,1.73,-0.91,-2.73,0.19,-0.25,0.4,-0.6
2024-10-01,-0.47,5.13,-17.11,0.27,-0.96,-1.0,-0.86,0.91,-1.49,1.02,0.39,2.98
2024-11-01,6.47,13.24,10.71,4.0,10.25,6.49,4.63,0.38,-2.27,-1.93,0.4,0.81
2024-12-01,-8.75,-5.54,-10.97,-6.67,-0.3,-3.16,-3.82,-2.97,1.88,-1.2,0.37,-0.3
2025-01-01,1.49,8.55,2.09,-0.38,7.26,2.8,-1.23,1.76,-2.35,-3.22,0.37,1.01
2025-02-01,3.3,-0.53,-5.94,3.59,-5.06,-2.43,-4.88,4.84,1.07,3.09,0.33,-0.86
2025-03-01,3.91,-7.69,-4.34,-6.77,-8.65,-6.39,-1.47,2.87,2.09,-0.46,0.34,-2.64
2025-04-01,-14.35,-2.1,-6.3,-6.36,1.32,-0.84,-1.83,-3.29,-2.83,-2.59,0.35,5.01
2025-05-01,1.82,7.44,-2.71,5.55,6.47,6.06,-0.77,-2.81,1.29,2.48,0.38,2.25
2025-06-01,5.23,6.5,4.59,6.83,2.75,4.86,-0.08,-1.43,-3.19,1.38,0.34,-2.65
2025-07-01,3.56,0.82,0.95,1.92,3.11,1.98,-0.13,-1.28,-0.24,-2.04,0.34,-0.94
2025-08-01,4.3,5.11,17.47,6.41,0.85,1.84,4.81,4.44,-0.74,1.99,0.38,-3.61
2025-09-01,-0.75,0.13,-3.35,-3.02,-1.06,3.39,-2.24,-0.93,-2.15,-2.24,0.33,4.62
2025-10-01,-0.82,-0.1,-9.57,0.82,2.85,1.96,-1.62,-2.76,-5.8,-4.04,0.37,0.16
2025-11-01,2.46,1.35,0.29,9.2,-0.43,-0.13,1.62,3.62,1.66,0.62,0.3,-1.72
2025-12-01,-0.94,5.0,-3.02,-1.59,-1.15,-0.36,-0.17,2.36,0.38,0.39,0.34,-2.4
2026-01-01,13.93,-2.42,9.15,7.04,4.82,1.03,3.21,3.82,1.8,1.81,0.3,5.03
2026-02-01,8.84,-4.29,4.47,1.11,-3.6,-1.18,0.74,2.71,1.91,5.04,0.28,1.31
2026-03-01,13.09,-2.53,-19.29,-9.25,-2.95,-5.18,0.66,3.41,-2.08,-0.1,0.29,1.56
2026-04-01,-4.16,8.4,8.62,5.41,13.75,9.95,0.38,-1.17,-4.3,-3.78,0.29,9.51
2026-05-01,-6.16,-2.28,4.18,-1.35,-2.67,4.91,-2.77,-2.16,-8.42,-1.4,0.31,1.39
2026-06-01,-5.69,8.33,14.77,2.7,-5.59,-1.07,4.58,3.34,-4.64,3.46,0.29,4.62
